RecordID,DefectID,Created_Date,Severity,Modified_Date,Status
1,1,2014-06-24,5,2014-06-24,New
2,2,2014-06-24,2,2014-06-24,New
3,3,2014-06-24,1,2014-06-24,New
4,4,2014-06-24,5,2014-06-24,New
5,5,2014-06-24,1,2014-06-24,New
6,6,2014-06-24,4,2014-06-24,New
7,7,2014-06-24,4,2014-06-24,New
8,8,2014-06-24,2,2014-06-24,New
9,9,2014-06-25,4,2014-06-25,New
10,10,2014-06-25,3,2014-06-25,New
11,11,2014-06-25,2,2014-06-25,New
12,12,2014-06-25,5,2014-06-25,New
13,13,2014-06-26,4,2014-06-26,New
14,14,2014-06-26,2,2014-06-26,New
15,15,2014-06-26,5,2014-06-26,New
16,16,2014-06-26,3,2014-06-26,New
17,17,2014-06-26,3,2014-06-26,New
18,18,2014-06-26,1,2014-06-26,New
19,19,2014-06-27,3,2014-06-27,New
20,20,2014-06-27,5,2014-06-27,New
21,21,2014-06-27,4,2014-06-27,New
22,22,2014-06-27,4,2014-06-27,New
23,23,2014-06-27,4,2014-06-27,New
24,24,2014-06-27,2,2014-06-27,New
25,25,2014-06-27,2,2014-06-27,New
26,26,2014-06-27,1,2014-06-27,New
27,27,2014-06-27,2,2014-06-27,New
28,28,2014-06-27,5,2014-06-27,New
29,29,2014-06-27,1,2014-06-27,New
30,30,2014-06-27,3,2014-06-27,New
31,31,2014-06-28,3,2014-06-28,New
32,32,2014-06-28,5,2014-06-28,New
33,33,2014-06-29,2,2014-06-29,New
34,34,2014-06-29,2,2014-06-29,New
35,35,2014-06-29,1,2014-06-29,New
36,36,2014-06-29,1,2014-06-29,New
37,37,2014-06-29,1,2014-06-29,New
38,38,2014-06-29,3,2014-06-29,New
39,39,2014-06-30,2,2014-06-30,New
40,40,2014-06-30,3,2014-06-30,New
41,41,2014-06-30,5,2014-06-30,New
42,42,2014-06-30,1,2014-06-30,New
43,43,2014-06-30,3,2014-06-30,New
44,44,2014-06-30,3,2014-06-30,New
45,45,2014-07-01,3,2014-07-01,New
46,46,2014-07-01,2,2014-07-01,New
47,47,2014-07-01,3,2014-07-01,New
48,48,2014-07-01,5,2014-07-01,New
49,49,2014-07-01,5,2014-07-01,New
50,50,2014-07-02,4,2014-07-02,New
51,51,2014-07-02,4,2014-07-02,New
52,52,2014-07-02,5,2014-07-02,New
53,53,2014-07-02,2,2014-07-02,New
54,54,2014-07-02,5,2014-07-02,New
55,55,2014-07-02,1,2014-07-02,New
56,56,2014-07-02,2,2014-07-02,New
57,57,2014-07-02,1,2014-07-02,New
58,58,2014-07-02,1,2014-07-02,New
59,59,2014-07-02,2,2014-07-02,New
60,60,2014-07-02,3,2014-07-02,New
61,61,2014-07-02,1,2014-07-02,New
62,62,2014-07-02,2,2014-07-02,New
63,63,2014-07-03,5,2014-07-03,New
64,64,2014-07-03,2,2014-07-03,New
65,65,2014-07-03,1,2014-07-03,New
66,66,2014-07-03,4,2014-07-03,New
67,67,2014-07-03,5,2014-07-03,New
68,68,2014-07-03,5,2014-07-03,New
69,69,2014-07-03,5,2014-07-03,New
70,70,2014-07-03,4,2014-07-03,New
71,71,2014-07-03,5,2014-07-03,New
72,72,2014-07-03,4,2014-07-03,New
73,73,2014-07-03,4,2014-07-03,New
74,74,2014-07-03,2,2014-07-03,New
75,75,2014-07-03,3,2014-07-03,New
76,76,2014-07-03,4,2014-07-03,New
77,77,2014-07-03,3,2014-07-03,New
78,78,2014-07-03,4,2014-07-03,New
79,79,2014-07-03,1,2014-07-03,New
80,80,2014-07-03,2,2014-07-03,New
81,81,2014-07-03,2,2014-07-03,New
82,82,2014-07-04,2,2014-07-04,New
83,83,2014-07-04,2,2014-07-04,New
84,84,2014-07-04,4,2014-07-04,New
85,85,2014-07-04,2,2014-07-04,New
86,86,2014-07-04,5,2014-07-04,New
87,87,2014-07-04,2,2014-07-04,New
88,88,2014-07-04,1,2014-07-04,New
89,89,2014-07-05,4,2014-07-05,New
90,90,2014-07-05,1,2014-07-05,New
91,91,2014-07-05,2,2014-07-05,New
92,92,2014-07-05,3,2014-07-05,New
93,93,2014-07-05,4,2014-07-05,New
94,94,2014-07-05,4,2014-07-05,New
95,95,2014-07-05,1,2014-07-05,New
96,96,2014-07-05,3,2014-07-05,New
97,97,2014-07-05,4,2014-07-05,New
98,98,2014-07-05,4,2014-07-05,New
99,99,2014-07-05,1,2014-07-05,New
100,100,2014-07-05,1,2014-07-05,New
101,101,2014-07-06,3,2014-07-06,New
102,102,2014-07-06,3,2014-07-06,New
103,103,2014-07-06,4,2014-07-06,New
104,104,2014-07-06,2,2014-07-06,New
105,105,2014-07-06,1,2014-07-06,New
106,106,2014-07-06,3,2014-07-06,New
107,107,2014-07-06,4,2014-07-06,New
108,108,2014-07-06,2,2014-07-06,New
109,109,2014-07-06,5,2014-07-06,New
110,110,2014-07-06,4,2014-07-06,New
111,111,2014-07-06,4,2014-07-06,New
112,112,2014-07-06,1,2014-07-06,New
113,113,2014-07-06,1,2014-07-06,New
114,114,2014-07-06,3,2014-07-06,New
115,115,2014-07-06,4,2014-07-06,New
116,116,2014-07-06,5,2014-07-06,New
117,117,2014-07-06,5,2014-07-06,New
118,118,2014-07-06,3,2014-07-06,New
119,119,2014-07-07,4,2014-07-07,New
120,120,2014-07-07,5,2014-07-07,New
121,121,2014-07-07,2,2014-07-07,New
122,122,2014-07-07,4,2014-07-07,New
123,123,2014-07-07,4,2014-07-07,New
124,124,2014-07-07,4,2014-07-07,New
125,125,2014-07-07,2,2014-07-07,New
126,126,2014-07-07,3,2014-07-07,New
127,127,2014-07-07,3,2014-07-07,New
128,128,2014-07-07,3,2014-07-07,New
129,129,2014-07-07,1,2014-07-07,New
130,130,2014-07-07,3,2014-07-07,New
131,131,2014-07-07,1,2014-07-07,New
132,132,2014-07-07,1,2014-07-07,New
133,133,2014-07-07,2,2014-07-07,New
134,134,2014-07-07,4,2014-07-07,New
135,135,2014-07-07,1,2014-07-07,New
136,136,2014-07-08,5,2014-07-08,New
137,137,2014-07-08,5,2014-07-08,New
138,138,2014-07-08,1,2014-07-08,New
139,139,2014-07-08,4,2014-07-08,New
140,140,2014-07-08,3,2014-07-08,New
141,141,2014-07-08,5,2014-07-08,New
142,142,2014-07-09,3,2014-07-09,New
143,143,2014-07-09,1,2014-07-09,New
144,144,2014-07-09,2,2014-07-09,New
145,145,2014-07-09,1,2014-07-09,New
146,146,2014-07-09,4,2014-07-09,New
147,147,2014-07-09,2,2014-07-09,New
148,148,2014-07-09,3,2014-07-09,New
149,149,2014-07-10,2,2014-07-10,New
150,150,2014-07-10,4,2014-07-10,New
151,151,2014-07-10,4,2014-07-10,New
152,152,2014-07-10,3,2014-07-10,New
153,153,2014-07-10,1,2014-07-10,New
154,154,2014-07-10,1,2014-07-10,New
155,155,2014-07-10,5,2014-07-10,New
156,156,2014-07-10,3,2014-07-10,New
157,157,2014-07-11,5,2014-07-11,New
158,158,2014-07-11,1,2014-07-11,New
159,159,2014-07-11,1,2014-07-11,New
160,160,2014-07-11,5,2014-07-11,New
161,161,2014-07-11,4,2014-07-11,New
162,162,2014-07-11,1,2014-07-11,New
163,163,2014-07-11,3,2014-07-11,New
164,164,2014-07-11,4,2014-07-11,New
165,165,2014-07-11,4,2014-07-11,New
166,166,2014-07-11,2,2014-07-11,New
167,167,2014-07-11,5,2014-07-11,New
168,168,2014-07-11,4,2014-07-11,New
169,169,2014-07-11,1,2014-07-11,New
170,170,2014-07-11,5,2014-07-11,New
171,171,2014-07-11,5,2014-07-11,New
172,172,2014-07-11,1,2014-07-11,New
173,173,2014-07-12,4,2014-07-12,New
174,174,2014-07-13,1,2014-07-13,New
175,175,2014-07-13,4,2014-07-13,New
176,176,2014-07-13,2,2014-07-13,New
177,177,2014-07-13,3,2014-07-13,New
178,178,2014-07-13,2,2014-07-13,New
179,179,2014-07-13,3,2014-07-13,New
180,180,2014-07-13,2,2014-07-13,New
181,181,2014-07-13,4,2014-07-13,New
182,182,2014-07-13,1,2014-07-13,New
183,183,2014-07-13,5,2014-07-13,New
184,184,2014-07-13,2,2014-07-13,New
185,185,2014-07-13,3,2014-07-13,New
186,186,2014-07-13,4,2014-07-13,New
187,187,2014-07-14,4,2014-07-14,New
188,188,2014-07-14,3,2014-07-14,New
189,189,2014-07-14,5,2014-07-14,New
190,190,2014-07-14,3,2014-07-14,New
191,191,2014-07-14,5,2014-07-14,New
192,192,2014-07-14,3,2014-07-14,New
193,193,2014-07-14,3,2014-07-14,New
194,194,2014-07-14,3,2014-07-14,New
195,195,2014-07-14,2,2014-07-14,New
196,196,2014-07-14,5,2014-07-14,New
197,197,2014-07-14,4,2014-07-14,New
198,198,2014-07-14,5,2014-07-14,New
199,199,2014-07-14,1,2014-07-14,New
200,200,2014-07-14,2,2014-07-14,New
201,201,2014-07-15,2,2014-07-15,New
202,202,2014-07-15,5,2014-07-15,New
203,203,2014-07-15,5,2014-07-15,New
204,204,2014-07-15,5,2014-07-15,New
205,205,2014-07-15,5,2014-07-15,New
206,206,2014-07-15,4,2014-07-15,New
207,207,2014-07-15,4,2014-07-15,New
208,208,2014-07-15,2,2014-07-15,New
209,209,2014-07-15,2,2014-07-15,New
210,210,2014-07-15,2,2014-07-15,New
211,211,2014-07-15,4,2014-07-15,New
212,212,2014-07-15,2,2014-07-15,New
213,213,2014-07-15,5,2014-07-15,New
214,214,2014-07-16,4,2014-07-16,New
215,215,2014-07-17,1,2014-07-17,New
216,216,2014-07-17,1,2014-07-17,New
217,217,2014-07-17,1,2014-07-17,New
218,218,2014-07-17,5,2014-07-17,New
219,219,2014-07-17,4,2014-07-17,New
220,220,2014-07-17,2,2014-07-17,New
221,221,2014-07-17,1,2014-07-17,New
222,222,2014-07-17,1,2014-07-17,New
223,223,2014-07-17,5,2014-07-17,New
224,224,2014-07-17,4,2014-07-17,New
225,225,2014-07-17,3,2014-07-17,New
226,226,2014-07-17,3,2014-07-17,New
227,227,2014-07-17,3,2014-07-17,New
228,228,2014-07-17,4,2014-07-17,New
229,229,2014-07-17,5,2014-07-17,New
230,230,2014-07-17,4,2014-07-17,New
231,231,2014-07-18,1,2014-07-18,New
232,232,2014-07-18,4,2014-07-18,New
233,233,2014-07-18,4,2014-07-18,New
234,234,2014-07-18,2,2014-07-18,New
235,235,2014-07-18,4,2014-07-18,New
236,236,2014-07-18,5,2014-07-18,New
237,237,2014-07-18,4,2014-07-18,New
238,238,2014-07-18,4,2014-07-18,New
239,239,2014-07-18,1,2014-07-18,New
240,240,2014-07-18,3,2014-07-18,New
241,241,2014-07-18,1,2014-07-18,New
242,242,2014-07-18,4,2014-07-18,New
243,243,2014-07-19,5,2014-07-19,New
244,244,2014-07-19,2,2014-07-19,New
245,245,2014-07-19,4,2014-07-19,New
246,246,2014-07-19,4,2014-07-19,New
247,247,2014-07-19,1,2014-07-19,New
248,248,2014-07-19,4,2014-07-19,New
249,249,2014-07-19,5,2014-07-19,New
250,250,2014-07-19,3,2014-07-19,New
251,251,2014-07-19,4,2014-07-19,New
252,252,2014-07-19,2,2014-07-19,New
253,253,2014-07-19,1,2014-07-19,New
254,254,2014-07-19,4,2014-07-19,New
255,255,2014-07-19,1,2014-07-19,New
256,256,2014-07-19,4,2014-07-19,New
257,257,2014-07-19,3,2014-07-19,New
258,258,2014-07-19,5,2014-07-19,New
259,259,2014-07-19,1,2014-07-19,New
260,260,2014-07-19,3,2014-07-19,New
261,261,2014-07-19,4,2014-07-19,New
262,262,2014-07-20,5,2014-07-20,New
263,263,2014-07-20,3,2014-07-20,New
264,264,2014-07-20,2,2014-07-20,New
265,265,2014-07-20,1,2014-07-20,New
266,266,2014-07-20,1,2014-07-20,New
267,267,2014-07-20,1,2014-07-20,New
268,268,2014-07-20,3,2014-07-20,New
269,269,2014-07-20,1,2014-07-20,New
270,270,2014-07-20,1,2014-07-20,New
271,271,2014-07-20,1,2014-07-20,New
272,272,2014-07-20,4,2014-07-20,New
273,273,2014-07-20,2,2014-07-20,New
274,274,2014-07-20,2,2014-07-20,New
275,275,2014-07-20,4,2014-07-20,New
276,276,2014-07-20,3,2014-07-20,New
277,277,2014-07-21,4,2014-07-21,New
278,278,2014-07-21,3,2014-07-21,New
279,279,2014-07-21,2,2014-07-21,New
280,280,2014-07-21,5,2014-07-21,New
281,281,2014-07-21,2,2014-07-21,New
282,282,2014-07-22,3,2014-07-22,New
283,283,2014-07-22,1,2014-07-22,New
284,284,2014-07-22,2,2014-07-22,New
285,285,2014-07-23,5,2014-07-23,New
286,286,2014-07-23,1,2014-07-23,New
287,287,2014-07-23,5,2014-07-23,New
288,288,2014-07-23,1,2014-07-23,New
289,289,2014-07-23,2,2014-07-23,New
290,290,2014-07-23,4,2014-07-23,New
291,291,2014-07-23,1,2014-07-23,New
292,292,2014-07-23,4,2014-07-23,New
293,293,2014-07-23,1,2014-07-23,New
294,294,2014-07-23,5,2014-07-23,New
295,295,2014-07-23,4,2014-07-23,New
296,296,2014-07-23,5,2014-07-23,New
297,297,2014-07-23,4,2014-07-23,New
298,298,2014-07-23,3,2014-07-23,New
299,299,2014-07-23,5,2014-07-23,New
300,300,2014-07-23,5,2014-07-23,New
301,301,2014-07-23,3,2014-07-23,New
302,302,2014-07-23,4,2014-07-23,New
303,303,2014-07-23,5,2014-07-23,New
304,304,2014-07-24,4,2014-07-24,New
305,305,2014-07-24,4,2014-07-24,New
306,306,2014-07-24,5,2014-07-24,New
307,307,2014-07-24,4,2014-07-24,New
308,308,2014-07-24,3,2014-07-24,New
309,309,2014-07-25,1,2014-07-25,New
310,310,2014-07-26,5,2014-07-26,New
311,311,2014-07-26,1,2014-07-26,New
312,312,2014-07-26,1,2014-07-26,New
313,313,2014-07-26,3,2014-07-26,New
314,314,2014-07-26,4,2014-07-26,New
315,315,2014-07-26,5,2014-07-26,New
316,316,2014-07-26,1,2014-07-26,New
317,317,2014-07-26,4,2014-07-26,New
318,318,2014-07-26,5,2014-07-26,New
319,319,2014-07-26,1,2014-07-26,New
320,320,2014-07-26,4,2014-07-26,New
321,321,2014-07-26,2,2014-07-26,New
322,322,2014-07-26,4,2014-07-26,New
323,323,2014-07-26,1,2014-07-26,New
324,324,2014-07-26,1,2014-07-26,New
325,325,2014-07-26,3,2014-07-26,New
326,326,2014-07-26,3,2014-07-26,New
327,327,2014-07-27,5,2014-07-27,New
328,328,2014-07-27,2,2014-07-27,New
329,329,2014-07-27,3,2014-07-27,New
330,330,2014-07-28,2,2014-07-28,New
331,331,2014-07-28,1,2014-07-28,New
332,332,2014-07-28,4,2014-07-28,New
333,333,2014-07-28,5,2014-07-28,New
334,334,2014-07-28,2,2014-07-28,New
335,335,2014-07-28,2,2014-07-28,New
336,336,2014-07-28,2,2014-07-28,New
337,337,2014-07-28,1,2014-07-28,New
338,338,2014-07-28,1,2014-07-28,New
339,339,2014-07-28,3,2014-07-28,New
340,340,2014-07-28,5,2014-07-28,New
341,341,2014-07-28,2,2014-07-28,New
342,342,2014-07-28,3,2014-07-28,New
343,343,2014-07-28,5,2014-07-28,New
344,344,2014-07-28,3,2014-07-28,New
345,345,2014-07-28,5,2014-07-28,New
346,346,2014-07-28,2,2014-07-28,New
347,347,2014-07-29,3,2014-07-29,New
348,348,2014-07-29,4,2014-07-29,New
349,349,2014-07-29,5,2014-07-29,New
350,350,2014-07-29,4,2014-07-29,New
351,351,2014-07-29,1,2014-07-29,New
352,352,2014-07-29,4,2014-07-29,New
353,353,2014-07-29,2,2014-07-29,New
354,354,2014-07-29,2,2014-07-29,New
355,355,2014-07-29,4,2014-07-29,New
356,356,2014-07-29,5,2014-07-29,New
357,357,2014-07-29,4,2014-07-29,New
358,358,2014-07-30,3,2014-07-30,New
359,359,2014-07-30,2,2014-07-30,New
360,360,2014-07-30,2,2014-07-30,New
361,361,2014-07-30,4,2014-07-30,New
362,362,2014-07-30,3,2014-07-30,New
363,363,2014-07-30,1,2014-07-30,New
364,364,2014-07-30,1,2014-07-30,New
365,365,2014-07-30,5,2014-07-30,New
366,366,2014-07-30,1,2014-07-30,New
367,367,2014-07-30,3,2014-07-30,New
368,368,2014-07-30,3,2014-07-30,New
369,369,2014-07-30,3,2014-07-30,New
370,370,2014-07-30,4,2014-07-30,New
371,371,2014-07-31,5,2014-07-31,New
372,372,2014-07-31,1,2014-07-31,New
373,373,2014-07-31,3,2014-07-31,New
374,374,2014-07-31,1,2014-07-31,New
375,375,2014-07-31,2,2014-07-31,New
376,376,2014-07-31,3,2014-07-31,New
377,377,2014-07-31,5,2014-07-31,New
378,378,2014-07-31,5,2014-07-31,New
379,379,2014-07-31,3,2014-07-31,New
380,380,2014-07-31,3,2014-07-31,New
381,381,2014-07-31,2,2014-07-31,New
382,382,2014-07-31,2,2014-07-31,New
383,383,2014-07-31,2,2014-07-31,New
384,384,2014-07-31,3,2014-07-31,New
385,385,2014-07-31,4,2014-07-31,New
386,386,2014-07-31,4,2014-07-31,New
387,387,2014-07-31,3,2014-07-31,New
388,388,2014-08-01,1,2014-08-01,New
389,389,2014-08-01,1,2014-08-01,New
390,390,2014-08-01,4,2014-08-01,New
391,391,2014-08-01,5,2014-08-01,New
392,392,2014-08-01,4,2014-08-01,New
393,393,2014-08-01,2,2014-08-01,New
394,394,2014-08-01,4,2014-08-01,New
395,395,2014-08-01,3,2014-08-01,New
396,396,2014-08-01,5,2014-08-01,New
397,397,2014-08-01,2,2014-08-01,New
398,398,2014-08-01,3,2014-08-01,New
399,399,2014-08-01,2,2014-08-01,New
400,400,2014-08-01,4,2014-08-01,New
401,401,2014-08-01,2,2014-08-01,New
402,402,2014-08-02,5,2014-08-02,New
403,403,2014-08-02,5,2014-08-02,New
404,404,2014-08-02,2,2014-08-02,New
405,405,2014-08-02,5,2014-08-02,New
406,406,2014-08-03,2,2014-08-03,New
407,407,2014-08-03,4,2014-08-03,New
408,408,2014-08-03,5,2014-08-03,New
409,409,2014-08-03,4,2014-08-03,New
410,410,2014-08-03,2,2014-08-03,New
411,411,2014-08-04,4,2014-08-04,New
412,412,2014-08-04,1,2014-08-04,New
413,413,2014-08-04,5,2014-08-04,New
414,414,2014-08-04,1,2014-08-04,New
415,415,2014-08-04,3,2014-08-04,New
416,416,2014-08-05,2,2014-08-05,New
417,417,2014-08-05,5,2014-08-05,New
418,418,2014-08-05,1,2014-08-05,New
419,419,2014-08-05,1,2014-08-05,New
420,420,2014-08-05,2,2014-08-05,New
421,421,2014-08-05,4,2014-08-05,New
422,422,2014-08-05,5,2014-08-05,New
423,423,2014-08-05,3,2014-08-05,New
424,424,2014-08-05,2,2014-08-05,New
425,425,2014-08-05,5,2014-08-05,New
426,426,2014-08-05,3,2014-08-05,New
427,427,2014-08-05,5,2014-08-05,New
428,428,2014-08-05,5,2014-08-05,New
429,429,2014-08-05,3,2014-08-05,New
430,430,2014-08-05,5,2014-08-05,New
431,431,2014-08-05,2,2014-08-05,New
432,432,2014-08-06,5,2014-08-06,New
433,433,2014-08-06,5,2014-08-06,New
434,434,2014-08-06,4,2014-08-06,New
435,435,2014-08-06,3,2014-08-06,New
436,436,2014-08-06,3,2014-08-06,New
437,437,2014-08-06,2,2014-08-06,New
438,438,2014-08-06,4,2014-08-06,New
439,439,2014-08-06,4,2014-08-06,New
440,440,2014-08-06,3,2014-08-06,New
441,441,2014-08-07,4,2014-08-07,New
442,442,2014-08-07,5,2014-08-07,New
443,443,2014-08-07,2,2014-08-07,New
444,444,2014-08-07,5,2014-08-07,New
445,445,2014-08-08,3,2014-08-08,New
446,446,2014-08-08,2,2014-08-08,New
447,447,2014-08-08,3,2014-08-08,New
448,448,2014-08-08,3,2014-08-08,New
449,449,2014-08-08,1,2014-08-08,New
450,450,2014-08-08,1,2014-08-08,New
451,451,2014-08-08,4,2014-08-08,New
452,452,2014-08-09,3,2014-08-09,New
453,453,2014-08-09,3,2014-08-09,New
454,454,2014-08-10,5,2014-08-10,New
455,455,2014-08-11,4,2014-08-11,New
456,456,2014-08-11,2,2014-08-11,New
457,457,2014-08-11,3,2014-08-11,New
458,458,2014-08-11,5,2014-08-11,New
459,459,2014-08-11,2,2014-08-11,New
460,460,2014-08-11,5,2014-08-11,New
461,461,2014-08-11,2,2014-08-11,New
462,462,2014-08-11,2,2014-08-11,New
463,463,2014-08-11,1,2014-08-11,New
464,464,2014-08-11,1,2014-08-11,New
465,465,2014-08-11,3,2014-08-11,New
466,466,2014-08-11,3,2014-08-11,New
467,467,2014-08-11,1,2014-08-11,New
468,468,2014-08-11,5,2014-08-11,New
469,469,2014-08-11,3,2014-08-11,New
470,470,2014-08-12,2,2014-08-12,New
471,471,2014-08-12,3,2014-08-12,New
472,472,2014-08-13,4,2014-08-13,New
473,473,2014-08-13,5,2014-08-13,New
474,474,2014-08-13,3,2014-08-13,New
475,475,2014-08-13,1,2014-08-13,New
476,476,2014-08-13,5,2014-08-13,New
477,477,2014-08-13,4,2014-08-13,New
478,478,2014-08-13,5,2014-08-13,New
479,479,2014-08-13,2,2014-08-13,New
480,480,2014-08-13,3,2014-08-13,New
481,481,2014-08-13,3,2014-08-13,New
482,482,2014-08-13,4,2014-08-13,New
483,483,2014-08-13,5,2014-08-13,New
484,484,2014-08-13,2,2014-08-13,New
485,485,2014-08-13,2,2014-08-13,New
486,486,2014-08-14,2,2014-08-14,New
487,487,2014-08-14,4,2014-08-14,New
488,488,2014-08-14,4,2014-08-14,New
489,489,2014-08-15,5,2014-08-15,New
490,490,2014-08-15,5,2014-08-15,New
491,491,2014-08-15,5,2014-08-15,New
492,492,2014-08-15,2,2014-08-15,New
493,493,2014-08-15,5,2014-08-15,New
494,494,2014-08-15,2,2014-08-15,New
495,495,2014-08-16,3,2014-08-16,New
496,496,2014-08-16,2,2014-08-16,New
497,497,2014-08-16,1,2014-08-16,New
498,498,2014-08-16,3,2014-08-16,New
499,499,2014-08-16,5,2014-08-16,New
500,500,2014-08-16,5,2014-08-16,New
501,501,2014-08-16,5,2014-08-16,New
502,502,2014-08-16,3,2014-08-16,New
503,503,2014-08-16,1,2014-08-16,New
504,504,2014-08-16,2,2014-08-16,New
505,505,2014-08-16,2,2014-08-16,New
506,506,2014-08-16,2,2014-08-16,New
507,507,2014-08-16,3,2014-08-16,New
508,508,2014-08-16,3,2014-08-16,New
509,509,2014-08-16,4,2014-08-16,New
510,510,2014-08-16,3,2014-08-16,New
511,511,2014-08-16,5,2014-08-16,New
512,512,2014-08-16,3,2014-08-16,New
513,513,2014-08-16,2,2014-08-16,New
514,514,2014-08-17,1,2014-08-17,New
515,515,2014-08-18,5,2014-08-18,New
516,516,2014-08-18,5,2014-08-18,New
517,517,2014-08-18,3,2014-08-18,New
518,518,2014-08-19,3,2014-08-19,New
519,519,2014-08-19,5,2014-08-19,New
520,520,2014-08-19,2,2014-08-19,New
521,521,2014-08-19,5,2014-08-19,New
522,522,2014-08-20,1,2014-08-20,New
523,523,2014-08-20,3,2014-08-20,New
524,524,2014-08-20,2,2014-08-20,New
525,525,2014-08-20,2,2014-08-20,New
526,526,2014-08-20,3,2014-08-20,New
527,527,2014-08-20,4,2014-08-20,New
528,528,2014-08-20,1,2014-08-20,New
529,529,2014-08-20,5,2014-08-20,New
530,530,2014-08-20,5,2014-08-20,New
531,531,2014-08-20,1,2014-08-20,New
532,532,2014-08-21,4,2014-08-21,New
533,533,2014-08-21,1,2014-08-21,New
534,534,2014-08-21,5,2014-08-21,New
535,535,2014-08-21,5,2014-08-21,New
536,536,2014-08-21,2,2014-08-21,New
537,537,2014-08-21,2,2014-08-21,New
538,538,2014-08-21,5,2014-08-21,New
539,539,2014-08-21,3,2014-08-21,New
540,540,2014-08-21,3,2014-08-21,New
541,541,2014-08-21,2,2014-08-21,New
542,542,2014-08-22,4,2014-08-22,New
543,543,2014-08-22,3,2014-08-22,New
544,544,2014-08-22,5,2014-08-22,New
545,545,2014-08-22,4,2014-08-22,New
546,546,2014-08-22,1,2014-08-22,New
547,547,2014-08-22,1,2014-08-22,New
548,548,2014-08-22,5,2014-08-22,New
549,549,2014-08-22,4,2014-08-22,New
550,550,2014-08-22,1,2014-08-22,New
551,551,2014-08-22,5,2014-08-22,New
552,552,2014-08-22,1,2014-08-22,New
553,553,2014-08-22,4,2014-08-22,New
554,554,2014-08-22,1,2014-08-22,New
555,555,2014-08-23,3,2014-08-23,New
556,556,2014-08-23,1,2014-08-23,New
557,557,2014-08-23,3,2014-08-23,New
558,558,2014-08-23,2,2014-08-23,New
559,559,2014-08-23,1,2014-08-23,New
560,560,2014-08-23,1,2014-08-23,New
561,561,2014-08-23,3,2014-08-23,New
562,562,2014-08-23,4,2014-08-23,New
563,563,2014-08-23,1,2014-08-23,New
564,564,2014-08-23,4,2014-08-23,New
565,565,2014-08-23,3,2014-08-23,New
566,566,2014-08-23,5,2014-08-23,New
567,567,2014-08-23,3,2014-08-23,New
568,568,2014-08-23,1,2014-08-23,New
569,569,2014-08-23,2,2014-08-23,New
570,570,2014-08-23,3,2014-08-23,New
571,571,2014-08-23,5,2014-08-23,New
572,572,2014-08-23,1,2014-08-23,New
573,573,2014-08-23,3,2014-08-23,New
574,574,2014-08-24,2,2014-08-24,New
575,575,2014-08-24,4,2014-08-24,New
576,576,2014-08-24,3,2014-08-24,New
577,577,2014-08-24,5,2014-08-24,New
578,578,2014-08-24,3,2014-08-24,New
579,579,2014-08-24,3,2014-08-24,New
580,580,2014-08-24,2,2014-08-24,New
581,581,2014-08-24,2,2014-08-24,New
582,582,2014-08-24,4,2014-08-24,New
583,583,2014-08-24,5,2014-08-24,New
584,584,2014-08-25,5,2014-08-25,New
585,585,2014-08-25,1,2014-08-25,New
586,586,2014-08-25,5,2014-08-25,New
587,587,2014-08-25,4,2014-08-25,New
588,588,2014-08-25,2,2014-08-25,New
589,589,2014-08-25,2,2014-08-25,New
590,590,2014-08-25,5,2014-08-25,New
591,591,2014-08-25,5,2014-08-25,New
592,592,2014-08-25,3,2014-08-25,New
593,593,2014-08-25,2,2014-08-25,New
594,594,2014-08-25,1,2014-08-25,New
595,595,2014-08-25,2,2014-08-25,New
596,596,2014-08-25,4,2014-08-25,New
597,597,2014-08-26,5,2014-08-26,New
598,598,2014-08-26,4,2014-08-26,New
599,599,2014-08-26,1,2014-08-26,New
600,600,2014-08-26,2,2014-08-26,New
601,601,2014-08-26,5,2014-08-26,New
602,602,2014-08-26,2,2014-08-26,New
603,603,2014-08-26,1,2014-08-26,New
604,604,2014-08-26,5,2014-08-26,New
605,605,2014-08-26,3,2014-08-26,New
606,606,2014-08-26,2,2014-08-26,New
607,607,2014-08-26,3,2014-08-26,New
608,608,2014-08-26,2,2014-08-26,New
609,609,2014-08-26,1,2014-08-26,New
610,610,2014-08-26,3,2014-08-26,New
611,611,2014-08-26,2,2014-08-26,New
612,612,2014-08-26,3,2014-08-26,New
613,613,2014-08-26,1,2014-08-26,New
614,614,2014-08-26,1,2014-08-26,New
615,615,2014-08-26,4,2014-08-26,New
616,616,2014-08-27,4,2014-08-27,New
617,617,2014-08-27,1,2014-08-27,New
618,618,2014-08-27,2,2014-08-27,New
619,619,2014-08-27,4,2014-08-27,New
620,620,2014-08-27,3,2014-08-27,New
621,621,2014-08-27,3,2014-08-27,New
622,622,2014-08-28,2,2014-08-28,New
623,623,2014-08-28,4,2014-08-28,New
624,624,2014-08-28,1,2014-08-28,New
625,625,2014-08-28,5,2014-08-28,New
626,626,2014-08-28,1,2014-08-28,New
627,627,2014-08-28,4,2014-08-28,New
628,628,2014-08-28,5,2014-08-28,New
629,629,2014-08-28,3,2014-08-28,New
630,630,2014-08-28,2,2014-08-28,New
631,631,2014-08-29,2,2014-08-29,New
632,632,2014-08-29,3,2014-08-29,New
633,633,2014-08-29,5,2014-08-29,New
634,634,2014-08-29,2,2014-08-29,New
635,635,2014-08-29,3,2014-08-29,New
636,636,2014-08-29,4,2014-08-29,New
637,637,2014-08-30,5,2014-08-30,New
638,638,2014-08-30,2,2014-08-30,New
639,639,2014-08-30,5,2014-08-30,New
640,640,2014-08-30,5,2014-08-30,New
641,641,2014-08-30,2,2014-08-30,New
642,642,2014-08-30,1,2014-08-30,New
643,643,2014-08-31,1,2014-08-31,New
644,644,2014-08-31,2,2014-08-31,New
645,645,2014-08-31,4,2014-08-31,New
646,646,2014-08-31,1,2014-08-31,New
647,647,2014-08-31,4,2014-08-31,New
648,648,2014-08-31,1,2014-08-31,New
649,649,2014-08-31,1,2014-08-31,New
650,650,2014-08-31,1,2014-08-31,New
651,651,2014-08-31,3,2014-08-31,New
652,652,2014-08-31,5,2014-08-31,New
653,653,2014-08-31,5,2014-08-31,New
654,654,2014-08-31,2,2014-08-31,New
655,655,2014-08-31,1,2014-08-31,New
656,656,2014-09-01,4,2014-09-01,New
657,657,2014-09-01,4,2014-09-01,New
658,658,2014-09-01,4,2014-09-01,New
659,659,2014-09-01,5,2014-09-01,New
660,660,2014-09-01,3,2014-09-01,New
661,661,2014-09-02,2,2014-09-02,New
662,662,2014-09-02,4,2014-09-02,New
663,663,2014-09-02,3,2014-09-02,New
664,664,2014-09-02,2,2014-09-02,New
665,665,2014-09-02,5,2014-09-02,New
666,666,2014-09-02,2,2014-09-02,New
667,667,2014-09-02,1,2014-09-02,New
668,668,2014-09-03,4,2014-09-03,New
669,669,2014-09-03,2,2014-09-03,New
670,670,2014-09-03,3,2014-09-03,New
671,671,2014-09-03,3,2014-09-03,New
672,672,2014-09-03,3,2014-09-03,New
673,673,2014-09-03,2,2014-09-03,New
674,674,2014-09-04,1,2014-09-04,New
675,675,2014-09-04,4,2014-09-04,New
676,676,2014-09-04,3,2014-09-04,New
677,677,2014-09-04,5,2014-09-04,New
678,678,2014-09-04,3,2014-09-04,New
679,679,2014-09-04,3,2014-09-04,New
680,680,2014-09-04,3,2014-09-04,New
681,681,2014-09-04,1,2014-09-04,New
682,682,2014-09-04,1,2014-09-04,New
683,683,2014-09-04,4,2014-09-04,New
684,684,2014-09-04,4,2014-09-04,New
685,685,2014-09-04,3,2014-09-04,New
686,686,2014-09-04,5,2014-09-04,New
687,687,2014-09-04,3,2014-09-04,New
688,688,2014-09-04,3,2014-09-04,New
689,689,2014-09-04,1,2014-09-04,New
690,690,2014-09-05,2,2014-09-05,New
691,691,2014-09-05,4,2014-09-05,New
692,692,2014-09-05,2,2014-09-05,New
693,693,2014-09-05,4,2014-09-05,New
694,694,2014-09-05,5,2014-09-05,New
695,695,2014-09-05,4,2014-09-05,New
696,696,2014-09-05,1,2014-09-05,New
697,697,2014-09-05,2,2014-09-05,New
698,698,2014-09-05,5,2014-09-05,New
699,699,2014-09-05,4,2014-09-05,New
700,700,2014-09-05,4,2014-09-05,New
701,701,2014-09-05,5,2014-09-05,New
702,702,2014-09-05,1,2014-09-05,New
703,703,2014-09-06,2,2014-09-06,New
704,704,2014-09-06,1,2014-09-06,New
705,705,2014-09-06,3,2014-09-06,New
706,706,2014-09-06,5,2014-09-06,New
707,707,2014-09-06,2,2014-09-06,New
708,708,2014-09-07,3,2014-09-07,New
709,709,2014-09-08,5,2014-09-08,New
710,710,2014-09-09,4,2014-09-09,New
711,711,2014-09-09,4,2014-09-09,New
712,712,2014-09-09,5,2014-09-09,New
713,713,2014-09-09,5,2014-09-09,New
714,714,2014-09-09,1,2014-09-09,New
715,715,2014-09-09,1,2014-09-09,New
716,716,2014-09-09,4,2014-09-09,New
717,717,2014-09-09,5,2014-09-09,New
718,718,2014-09-09,1,2014-09-09,New
719,719,2014-09-09,3,2014-09-09,New
720,720,2014-09-09,4,2014-09-09,New
721,721,2014-09-09,5,2014-09-09,New
722,722,2014-09-09,2,2014-09-09,New
723,723,2014-09-09,3,2014-09-09,New
724,724,2014-09-09,4,2014-09-09,New
725,725,2014-09-10,5,2014-09-10,New
726,726,2014-09-10,5,2014-09-10,New
727,727,2014-09-10,3,2014-09-10,New
728,728,2014-09-10,1,2014-09-10,New
729,729,2014-09-10,2,2014-09-10,New
730,730,2014-09-10,1,2014-09-10,New
731,731,2014-09-10,2,2014-09-10,New
732,732,2014-09-10,5,2014-09-10,New
733,733,2014-09-10,4,2014-09-10,New
734,734,2014-09-10,5,2014-09-10,New
735,735,2014-09-11,1,2014-09-11,New
736,736,2014-09-11,3,2014-09-11,New
737,737,2014-09-11,5,2014-09-11,New
738,738,2014-09-11,2,2014-09-11,New
739,739,2014-09-11,5,2014-09-11,New
740,740,2014-09-11,4,2014-09-11,New
741,741,2014-09-11,5,2014-09-11,New
742,742,2014-09-11,1,2014-09-11,New
743,743,2014-09-11,5,2014-09-11,New
744,744,2014-09-11,4,2014-09-11,New
745,745,2014-09-11,2,2014-09-11,New
746,746,2014-09-11,4,2014-09-11,New
747,747,2014-09-11,4,2014-09-11,New
748,748,2014-09-12,2,2014-09-12,New
749,749,2014-09-12,1,2014-09-12,New
750,750,2014-09-12,1,2014-09-12,New
751,751,2014-09-12,1,2014-09-12,New
752,752,2014-09-12,1,2014-09-12,New
753,753,2014-09-12,4,2014-09-12,New
754,754,2014-09-12,4,2014-09-12,New
755,755,2014-09-12,2,2014-09-12,New
756,756,2014-09-13,5,2014-09-13,New
757,757,2014-09-13,5,2014-09-13,New
758,758,2014-09-13,2,2014-09-13,New
759,759,2014-09-13,5,2014-09-13,New
760,760,2014-09-13,3,2014-09-13,New
761,761,2014-09-13,2,2014-09-13,New
762,762,2014-09-13,2,2014-09-13,New
763,763,2014-09-13,4,2014-09-13,New
764,764,2014-09-13,1,2014-09-13,New
765,765,2014-09-13,5,2014-09-13,New
766,766,2014-09-14,1,2014-09-14,New
767,767,2014-09-14,4,2014-09-14,New
768,768,2014-09-14,1,2014-09-14,New
769,769,2014-09-14,4,2014-09-14,New
770,770,2014-09-14,2,2014-09-14,New
771,771,2014-09-14,2,2014-09-14,New
772,772,2014-09-14,2,2014-09-14,New
773,773,2014-09-14,5,2014-09-14,New
774,774,2014-09-14,2,2014-09-14,New
775,775,2014-09-14,4,2014-09-14,New
776,776,2014-09-14,2,2014-09-14,New
777,777,2014-09-14,5,2014-09-14,New
778,778,2014-09-14,2,2014-09-14,New
779,779,2014-09-15,2,2014-09-15,New
780,780,2014-09-15,5,2014-09-15,New
781,781,2014-09-15,2,2014-09-15,New
782,782,2014-09-15,5,2014-09-15,New
783,783,2014-09-15,3,2014-09-15,New
784,784,2014-09-15,5,2014-09-15,New
785,785,2014-09-15,1,2014-09-15,New
786,786,2014-09-15,3,2014-09-15,New
787,787,2014-09-15,2,2014-09-15,New
788,788,2014-09-15,3,2014-09-15,New
789,789,2014-09-15,1,2014-09-15,New
790,790,2014-09-15,1,2014-09-15,New
791,791,2014-09-15,2,2014-09-15,New
792,792,2014-09-15,4,2014-09-15,New
793,793,2014-09-15,3,2014-09-15,New
794,794,2014-09-15,5,2014-09-15,New
795,795,2014-09-15,1,2014-09-15,New
796,796,2014-09-15,5,2014-09-15,New
797,797,2014-09-15,5,2014-09-15,New
798,798,2014-09-16,3,2014-09-16,New
799,799,2014-09-16,2,2014-09-16,New
800,800,2014-09-16,2,2014-09-16,New
801,801,2014-09-16,3,2014-09-16,New
802,802,2014-09-16,1,2014-09-16,New
803,803,2014-09-17,5,2014-09-17,New
804,804,2014-09-17,4,2014-09-17,New
805,805,2014-09-17,4,2014-09-17,New
806,806,2014-09-17,5,2014-09-17,New
807,807,2014-09-17,4,2014-09-17,New
808,808,2014-09-17,3,2014-09-17,New
809,809,2014-09-17,3,2014-09-17,New
810,810,2014-09-17,4,2014-09-17,New
811,811,2014-09-18,3,2014-09-18,New
812,812,2014-09-18,5,2014-09-18,New
813,813,2014-09-18,3,2014-09-18,New
814,814,2014-09-18,3,2014-09-18,New
815,815,2014-09-18,2,2014-09-18,New
816,816,2014-09-18,5,2014-09-18,New
817,817,2014-09-18,4,2014-09-18,New
818,818,2014-09-18,2,2014-09-18,New
819,819,2014-09-18,2,2014-09-18,New
820,820,2014-09-18,5,2014-09-18,New
821,821,2014-09-18,4,2014-09-18,New
822,822,2014-09-18,3,2014-09-18,New
823,823,2014-09-18,5,2014-09-18,New
824,824,2014-09-18,1,2014-09-18,New
825,825,2014-09-18,4,2014-09-18,New
826,826,2014-09-18,1,2014-09-18,New
827,827,2014-09-18,3,2014-09-18,New
828,828,2014-09-19,1,2014-09-19,New
829,829,2014-09-19,4,2014-09-19,New
830,830,2014-09-19,2,2014-09-19,New
831,831,2014-09-19,1,2014-09-19,New
832,832,2014-09-19,1,2014-09-19,New
833,833,2014-09-19,2,2014-09-19,New
834,834,2014-09-19,1,2014-09-19,New
835,835,2014-09-19,5,2014-09-19,New
836,836,2014-09-20,2,2014-09-20,New
837,837,2014-09-20,4,2014-09-20,New
838,838,2014-09-20,3,2014-09-20,New
839,839,2014-09-20,1,2014-09-20,New
840,840,2014-09-20,2,2014-09-20,New
841,841,2014-09-20,2,2014-09-20,New
842,842,2014-09-20,4,2014-09-20,New
843,843,2014-09-20,2,2014-09-20,New
844,844,2014-09-20,4,2014-09-20,New
845,845,2014-09-20,3,2014-09-20,New
846,846,2014-09-20,5,2014-09-20,New
847,847,2014-09-20,4,2014-09-20,New
848,848,2014-09-20,5,2014-09-20,New
849,849,2014-09-21,5,2014-09-21,New
850,850,2014-09-21,4,2014-09-21,New
851,851,2014-09-21,3,2014-09-21,New
852,1,2014-06-24,5,2014-07-06,In Progress
853,2,2014-06-24,2,2014-07-03,In Progress
854,3,2014-06-24,1,2014-07-04,In Progress
855,4,2014-06-24,5,2014-07-04,In Progress
856,5,2014-06-24,1,2014-06-29,In Progress
857,6,2014-06-24,4,2014-07-04,In Progress
858,7,2014-06-24,4,2014-07-02,In Progress
859,8,2014-06-24,2,2014-07-04,In Progress
860,9,2014-06-25,4,2014-07-01,In Progress
861,10,2014-06-25,3,2014-07-05,In Progress
862,11,2014-06-25,2,2014-07-04,In Progress
863,12,2014-06-25,5,2014-07-08,In Progress
864,13,2014-06-26,4,2014-07-06,In Progress
865,14,2014-06-26,2,2014-07-02,In Progress
866,15,2014-06-26,5,2014-07-05,In Progress
867,16,2014-06-26,3,2014-07-09,In Progress
868,17,2014-06-26,3,2014-07-02,In Progress
869,18,2014-06-26,1,2014-07-09,In Progress
870,19,2014-06-27,3,2014-07-03,In Progress
871,20,2014-06-27,5,2014-07-01,In Progress
872,21,2014-06-27,4,2014-07-10,In Progress
873,22,2014-06-27,4,2014-07-10,In Progress
874,23,2014-06-27,4,2014-07-05,In Progress
875,24,2014-06-27,2,2014-07-09,In Progress
876,25,2014-06-27,2,2014-07-03,In Progress
877,26,2014-06-27,1,2014-07-03,In Progress
878,27,2014-06-27,2,2014-07-09,In Progress
879,28,2014-06-27,5,2014-07-06,In Progress
880,29,2014-06-27,1,2014-07-06,In Progress
881,30,2014-06-27,3,2014-07-04,In Progress
882,31,2014-06-28,3,2014-07-10,In Progress
883,32,2014-06-28,5,2014-07-06,In Progress
884,33,2014-06-29,2,2014-07-09,In Progress
885,34,2014-06-29,2,2014-07-03,In Progress
886,35,2014-06-29,1,2014-07-12,In Progress
887,36,2014-06-29,1,2014-07-09,In Progress
888,37,2014-06-29,1,2014-07-12,In Progress
889,38,2014-06-29,3,2014-07-16,In Progress
890,39,2014-06-30,2,2014-07-09,In Progress
891,40,2014-06-30,3,2014-07-09,In Progress
892,41,2014-06-30,5,2014-07-10,In Progress
893,42,2014-06-30,1,2014-07-09,In Progress
894,43,2014-06-30,3,2014-07-07,In Progress
895,44,2014-06-30,3,2014-07-08,In Progress
896,45,2014-07-01,3,2014-07-09,In Progress
897,46,2014-07-01,2,2014-07-14,In Progress
898,47,2014-07-01,3,2014-07-10,In Progress
899,48,2014-07-01,5,2014-07-10,In Progress
900,49,2014-07-01,5,2014-07-13,In Progress
901,50,2014-07-02,4,2014-07-08,In Progress
902,51,2014-07-02,4,2014-07-14,In Progress
903,52,2014-07-02,5,2014-07-10,In Progress
904,53,2014-07-02,2,2014-07-16,In Progress
905,54,2014-07-02,5,2014-07-10,In Progress
906,55,2014-07-02,1,2014-07-09,In Progress
907,56,2014-07-02,2,2014-07-13,In Progress
908,57,2014-07-02,1,2014-07-11,In Progress
909,58,2014-07-02,1,2014-07-14,In Progress
910,59,2014-07-02,2,2014-07-13,In Progress
911,60,2014-07-02,3,2014-07-14,In Progress
912,61,2014-07-02,1,2014-07-10,In Progress
913,62,2014-07-02,2,2014-07-22,In Progress
914,63,2014-07-03,5,2014-07-15,In Progress
915,64,2014-07-03,2,2014-07-07,In Progress
916,65,2014-07-03,1,2014-07-19,In Progress
917,66,2014-07-03,4,2014-07-18,In Progress
918,67,2014-07-03,5,2014-07-13,In Progress
919,68,2014-07-03,5,2014-07-14,In Progress
920,69,2014-07-03,5,2014-07-11,In Progress
921,70,2014-07-03,4,2014-07-06,In Progress
922,71,2014-07-03,5,2014-07-10,In Progress
923,72,2014-07-03,4,2014-07-12,In Progress
924,73,2014-07-03,4,2014-07-17,In Progress
925,74,2014-07-03,2,2014-07-14,In Progress
926,75,2014-07-03,3,2014-07-13,In Progress
927,76,2014-07-03,4,2014-07-09,In Progress
928,77,2014-07-03,3,2014-07-15,In Progress
929,78,2014-07-03,4,2014-07-16,In Progress
930,79,2014-07-03,1,2014-07-11,In Progress
931,80,2014-07-03,2,2014-07-09,In Progress
932,81,2014-07-03,2,2014-07-13,In Progress
933,82,2014-07-04,2,2014-07-10,In Progress
934,83,2014-07-04,2,2014-07-14,In Progress
935,84,2014-07-04,4,2014-07-18,In Progress
936,85,2014-07-04,2,2014-07-16,In Progress
937,86,2014-07-04,5,2014-07-11,In Progress
938,87,2014-07-04,2,2014-07-12,In Progress
939,88,2014-07-04,1,2014-07-13,In Progress
940,89,2014-07-05,4,2014-07-14,In Progress
941,90,2014-07-05,1,2014-07-13,In Progress
942,91,2014-07-05,2,2014-07-16,In Progress
943,92,2014-07-05,3,2014-07-13,In Progress
944,93,2014-07-05,4,2014-07-17,In Progress
945,94,2014-07-05,4,2014-07-14,In Progress
946,95,2014-07-05,1,2014-07-14,In Progress
947,96,2014-07-05,3,2014-07-15,In Progress
948,97,2014-07-05,4,2014-07-11,In Progress
949,98,2014-07-05,4,2014-07-23,In Progress
950,99,2014-07-05,1,2014-07-13,In Progress
951,100,2014-07-05,1,2014-07-22,In Progress
952,101,2014-07-06,3,2014-07-21,In Progress
953,102,2014-07-06,3,2014-07-22,In Progress
954,103,2014-07-06,4,2014-07-19,In Progress
955,104,2014-07-06,2,2014-07-15,In Progress
956,105,2014-07-06,1,2014-07-18,In Progress
957,106,2014-07-06,3,2014-07-11,In Progress
958,107,2014-07-06,4,2014-07-13,In Progress
959,108,2014-07-06,2,2014-07-15,In Progress
960,109,2014-07-06,5,2014-07-18,In Progress
961,110,2014-07-06,4,2014-07-14,In Progress
962,111,2014-07-06,4,2014-07-21,In Progress
963,112,2014-07-06,1,2014-07-16,In Progress
964,113,2014-07-06,1,2014-07-16,In Progress
965,114,2014-07-06,3,2014-07-15,In Progress
966,115,2014-07-06,4,2014-07-11,In Progress
967,116,2014-07-06,5,2014-07-16,In Progress
968,117,2014-07-06,5,2014-07-14,In Progress
969,118,2014-07-06,3,2014-07-12,In Progress
970,119,2014-07-07,4,2014-07-17,In Progress
971,120,2014-07-07,5,2014-07-16,In Progress
972,121,2014-07-07,2,2014-07-21,In Progress
973,122,2014-07-07,4,2014-07-11,In Progress
974,123,2014-07-07,4,2014-07-13,In Progress
975,124,2014-07-07,4,2014-07-14,In Progress
976,125,2014-07-07,2,2014-07-16,In Progress
977,126,2014-07-07,3,2014-07-15,In Progress
978,127,2014-07-07,3,2014-07-18,In Progress
979,128,2014-07-07,3,2014-07-17,In Progress
980,129,2014-07-07,1,2014-07-15,In Progress
981,130,2014-07-07,3,2014-07-17,In Progress
982,131,2014-07-07,1,2014-07-19,In Progress
983,132,2014-07-07,1,2014-07-18,In Progress
984,133,2014-07-07,2,2014-07-14,In Progress
985,134,2014-07-07,4,2014-07-18,In Progress
986,135,2014-07-07,1,2014-07-13,In Progress
987,136,2014-07-08,5,2014-07-16,In Progress
988,137,2014-07-08,5,2014-07-20,In Progress
989,138,2014-07-08,1,2014-07-17,In Progress
990,139,2014-07-08,4,2014-07-18,In Progress
991,140,2014-07-08,3,2014-07-21,In Progress
992,141,2014-07-08,5,2014-07-18,In Progress
993,142,2014-07-09,3,2014-07-15,In Progress
994,143,2014-07-09,1,2014-07-18,In Progress
995,144,2014-07-09,2,2014-07-19,In Progress
996,145,2014-07-09,1,2014-07-18,In Progress
997,146,2014-07-09,4,2014-07-16,In Progress
998,147,2014-07-09,2,2014-07-18,In Progress
999,148,2014-07-09,3,2014-07-14,In Progress
1000,149,2014-07-10,2,2014-07-24,In Progress
1001,150,2014-07-10,4,2014-07-17,In Progress
1002,151,2014-07-10,4,2014-07-22,In Progress
1003,152,2014-07-10,3,2014-07-16,In Progress
1004,153,2014-07-10,1,2014-07-22,In Progress
1005,154,2014-07-10,1,2014-07-22,In Progress
1006,155,2014-07-10,5,2014-07-28,In Progress
1007,156,2014-07-10,3,2014-07-16,In Progress
1008,157,2014-07-11,5,2014-07-22,In Progress
1009,158,2014-07-11,1,2014-07-22,In Progress
1010,159,2014-07-11,1,2014-07-20,In Progress
1011,160,2014-07-11,5,2014-07-22,In Progress
1012,161,2014-07-11,4,2014-07-17,In Progress
1013,162,2014-07-11,1,2014-07-25,In Progress
1014,163,2014-07-11,3,2014-07-17,In Progress
1015,164,2014-07-11,4,2014-07-19,In Progress
1016,165,2014-07-11,4,2014-07-23,In Progress
1017,166,2014-07-11,2,2014-07-21,In Progress
1018,167,2014-07-11,5,2014-07-22,In Progress
1019,168,2014-07-11,4,2014-07-25,In Progress
1020,169,2014-07-11,1,2014-07-22,In Progress
1021,170,2014-07-11,5,2014-07-21,In Progress
1022,171,2014-07-11,5,2014-07-19,In Progress
1023,172,2014-07-11,1,2014-07-17,In Progress
1024,173,2014-07-12,4,2014-07-23,In Progress
1025,174,2014-07-13,1,2014-07-21,In Progress
1026,175,2014-07-13,4,2014-07-23,In Progress
1027,176,2014-07-13,2,2014-07-25,In Progress
1028,177,2014-07-13,3,2014-07-21,In Progress
1029,178,2014-07-13,2,2014-07-22,In Progress
1030,179,2014-07-13,3,2014-07-23,In Progress
1031,180,2014-07-13,2,2014-07-24,In Progress
1032,181,2014-07-13,4,2014-07-22,In Progress
1033,182,2014-07-13,1,2014-07-22,In Progress
1034,183,2014-07-13,5,2014-07-31,In Progress
1035,184,2014-07-13,2,2014-07-29,In Progress
1036,185,2014-07-13,3,2014-07-24,In Progress
1037,186,2014-07-13,4,2014-07-24,In Progress
1038,187,2014-07-14,4,2014-07-26,In Progress
1039,188,2014-07-14,3,2014-07-21,In Progress
1040,189,2014-07-14,5,2014-07-26,In Progress
1041,190,2014-07-14,3,2014-07-22,In Progress
1042,191,2014-07-14,5,2014-07-23,In Progress
1043,192,2014-07-14,3,2014-07-25,In Progress
1044,193,2014-07-14,3,2014-07-23,In Progress
1045,194,2014-07-14,3,2014-07-27,In Progress
1046,195,2014-07-14,2,2014-07-21,In Progress
1047,196,2014-07-14,5,2014-07-23,In Progress
1048,197,2014-07-14,4,2014-07-21,In Progress
1049,198,2014-07-14,5,2014-07-23,In Progress
1050,199,2014-07-14,1,2014-07-25,In Progress
1051,200,2014-07-14,2,2014-07-27,In Progress
1052,201,2014-07-15,2,2014-07-27,In Progress
1053,202,2014-07-15,5,2014-07-26,In Progress
1054,203,2014-07-15,5,2014-07-29,In Progress
1055,204,2014-07-15,5,2014-07-27,In Progress
1056,205,2014-07-15,5,2014-07-24,In Progress
1057,206,2014-07-15,4,2014-07-25,In Progress
1058,207,2014-07-15,4,2014-07-26,In Progress
1059,208,2014-07-15,2,2014-07-26,In Progress
1060,209,2014-07-15,2,2014-07-21,In Progress
1061,210,2014-07-15,2,2014-07-21,In Progress
1062,211,2014-07-15,4,2014-07-31,In Progress
1063,212,2014-07-15,2,2014-08-04,In Progress
1064,213,2014-07-15,5,2014-07-26,In Progress
1065,214,2014-07-16,4,2014-07-23,In Progress
1066,215,2014-07-17,1,2014-07-26,In Progress
1067,216,2014-07-17,1,2014-08-02,In Progress
1068,217,2014-07-17,1,2014-07-25,In Progress
1069,218,2014-07-17,5,2014-07-23,In Progress
1070,219,2014-07-17,4,2014-07-21,In Progress
1071,220,2014-07-17,2,2014-07-22,In Progress
1072,221,2014-07-17,1,2014-07-26,In Progress
1073,222,2014-07-17,1,2014-07-28,In Progress
1074,223,2014-07-17,5,2014-08-01,In Progress
1075,224,2014-07-17,4,2014-07-25,In Progress
1076,225,2014-07-17,3,2014-07-28,In Progress
1077,226,2014-07-17,3,2014-07-28,In Progress
1078,227,2014-07-17,3,2014-07-27,In Progress
1079,228,2014-07-17,4,2014-07-26,In Progress
1080,229,2014-07-17,5,2014-07-28,In Progress
1081,230,2014-07-17,4,2014-07-25,In Progress
1082,231,2014-07-18,1,2014-07-27,In Progress
1083,232,2014-07-18,4,2014-07-25,In Progress
1084,233,2014-07-18,4,2014-07-24,In Progress
1085,234,2014-07-18,2,2014-07-28,In Progress
1086,235,2014-07-18,4,2014-07-30,In Progress
1087,236,2014-07-18,5,2014-07-29,In Progress
1088,237,2014-07-18,4,2014-07-29,In Progress
1089,238,2014-07-18,4,2014-07-25,In Progress
1090,239,2014-07-18,1,2014-07-25,In Progress
1091,240,2014-07-18,3,2014-07-29,In Progress
1092,241,2014-07-18,1,2014-07-28,In Progress
1093,242,2014-07-18,4,2014-07-26,In Progress
1094,243,2014-07-19,5,2014-07-24,In Progress
1095,244,2014-07-19,2,2014-07-27,In Progress
1096,245,2014-07-19,4,2014-08-01,In Progress
1097,246,2014-07-19,4,2014-07-28,In Progress
1098,247,2014-07-19,1,2014-07-29,In Progress
1099,248,2014-07-19,4,2014-07-27,In Progress
1100,249,2014-07-19,5,2014-08-02,In Progress
1101,250,2014-07-19,3,2014-07-28,In Progress
1102,251,2014-07-19,4,2014-07-31,In Progress
1103,252,2014-07-19,2,2014-07-24,In Progress
1104,253,2014-07-19,1,2014-07-27,In Progress
1105,254,2014-07-19,4,2014-07-26,In Progress
1106,255,2014-07-19,1,2014-07-28,In Progress
1107,256,2014-07-19,4,2014-07-31,In Progress
1108,257,2014-07-19,3,2014-07-28,In Progress
1109,258,2014-07-19,5,2014-07-28,In Progress
1110,259,2014-07-19,1,2014-07-25,In Progress
1111,260,2014-07-19,3,2014-07-28,In Progress
1112,261,2014-07-19,4,2014-07-28,In Progress
1113,262,2014-07-20,5,2014-07-30,In Progress
1114,263,2014-07-20,3,2014-07-29,In Progress
1115,264,2014-07-20,2,2014-08-03,In Progress
1116,265,2014-07-20,1,2014-07-29,In Progress
1117,266,2014-07-20,1,2014-07-30,In Progress
1118,267,2014-07-20,1,2014-07-28,In Progress
1119,268,2014-07-20,3,2014-08-03,In Progress
1120,269,2014-07-20,1,2014-07-28,In Progress
1121,270,2014-07-20,1,2014-08-01,In Progress
1122,271,2014-07-20,1,2014-07-31,In Progress
1123,272,2014-07-20,4,2014-07-29,In Progress
1124,273,2014-07-20,2,2014-07-31,In Progress
1125,274,2014-07-20,2,2014-07-29,In Progress
1126,275,2014-07-20,4,2014-07-25,In Progress
1127,276,2014-07-20,3,2014-07-26,In Progress
1128,277,2014-07-21,4,2014-07-30,In Progress
1129,278,2014-07-21,3,2014-08-01,In Progress
1130,279,2014-07-21,2,2014-07-30,In Progress
1131,280,2014-07-21,5,2014-07-28,In Progress
1132,281,2014-07-21,2,2014-08-01,In Progress
1133,282,2014-07-22,3,2014-07-29,In Progress
1134,283,2014-07-22,1,2014-08-01,In Progress
1135,284,2014-07-22,2,2014-07-30,In Progress
1136,285,2014-07-23,5,2014-08-03,In Progress
1137,286,2014-07-23,1,2014-08-03,In Progress
1138,287,2014-07-23,5,2014-08-03,In Progress
1139,288,2014-07-23,1,2014-07-29,In Progress
1140,289,2014-07-23,2,2014-08-03,In Progress
1141,290,2014-07-23,4,2014-08-06,In Progress
1142,291,2014-07-23,1,2014-08-06,In Progress
1143,292,2014-07-23,4,2014-07-30,In Progress
1144,293,2014-07-23,1,2014-08-06,In Progress
1145,294,2014-07-23,5,2014-07-31,In Progress
1146,295,2014-07-23,4,2014-07-30,In Progress
1147,296,2014-07-23,5,2014-07-28,In Progress
1148,297,2014-07-23,4,2014-08-01,In Progress
1149,298,2014-07-23,3,2014-08-08,In Progress
1150,299,2014-07-23,5,2014-07-27,In Progress
1151,300,2014-07-23,5,2014-08-01,In Progress
1152,301,2014-07-23,3,2014-07-30,In Progress
1153,302,2014-07-23,4,2014-07-31,In Progress
1154,303,2014-07-23,5,2014-07-28,In Progress
1155,304,2014-07-24,4,2014-07-30,In Progress
1156,305,2014-07-24,4,2014-08-01,In Progress
1157,306,2014-07-24,5,2014-08-08,In Progress
1158,307,2014-07-24,4,2014-07-31,In Progress
1159,308,2014-07-24,3,2014-07-31,In Progress
1160,309,2014-07-25,1,2014-08-02,In Progress
1161,310,2014-07-26,5,2014-08-05,In Progress
1162,311,2014-07-26,1,2014-08-03,In Progress
1163,312,2014-07-26,1,2014-08-04,In Progress
1164,313,2014-07-26,3,2014-08-06,In Progress
1165,314,2014-07-26,4,2014-08-01,In Progress
1166,315,2014-07-26,5,2014-08-06,In Progress
1167,316,2014-07-26,1,2014-08-04,In Progress
1168,317,2014-07-26,4,2014-08-10,In Progress
1169,318,2014-07-26,5,2014-08-06,In Progress
1170,319,2014-07-26,1,2014-08-10,In Progress
1171,320,2014-07-26,4,2014-08-05,In Progress
1172,321,2014-07-26,2,2014-08-08,In Progress
1173,322,2014-07-26,4,2014-08-05,In Progress
1174,323,2014-07-26,1,2014-08-04,In Progress
1175,324,2014-07-26,1,2014-08-07,In Progress
1176,325,2014-07-26,3,2014-08-05,In Progress
1177,326,2014-07-26,3,2014-08-03,In Progress
1178,327,2014-07-27,5,2014-08-10,In Progress
1179,328,2014-07-27,2,2014-08-05,In Progress
1180,329,2014-07-27,3,2014-08-12,In Progress
1181,330,2014-07-28,2,2014-08-08,In Progress
1182,331,2014-07-28,1,2014-08-04,In Progress
1183,332,2014-07-28,4,2014-08-05,In Progress
1184,333,2014-07-28,5,2014-08-07,In Progress
1185,334,2014-07-28,2,2014-08-06,In Progress
1186,335,2014-07-28,2,2014-08-07,In Progress
1187,336,2014-07-28,2,2014-08-11,In Progress
1188,337,2014-07-28,1,2014-08-07,In Progress
1189,338,2014-07-28,1,2014-08-05,In Progress
1190,339,2014-07-28,3,2014-08-09,In Progress
1191,340,2014-07-28,5,2014-08-05,In Progress
1192,341,2014-07-28,2,2014-08-07,In Progress
1193,342,2014-07-28,3,2014-08-03,In Progress
1194,343,2014-07-28,5,2014-08-06,In Progress
1195,344,2014-07-28,3,2014-08-07,In Progress
1196,345,2014-07-28,5,2014-08-09,In Progress
1197,346,2014-07-28,2,2014-08-05,In Progress
1198,347,2014-07-29,3,2014-08-10,In Progress
1199,348,2014-07-29,4,2014-08-03,In Progress
1200,349,2014-07-29,5,2014-08-04,In Progress
1201,350,2014-07-29,4,2014-08-05,In Progress
1202,351,2014-07-29,1,2014-08-04,In Progress
1203,352,2014-07-29,4,2014-08-06,In Progress
1204,353,2014-07-29,2,2014-08-06,In Progress
1205,354,2014-07-29,2,2014-08-02,In Progress
1206,355,2014-07-29,4,2014-08-10,In Progress
1207,356,2014-07-29,5,2014-08-04,In Progress
1208,357,2014-07-29,4,2014-08-06,In Progress
1209,358,2014-07-30,3,2014-08-11,In Progress
1210,359,2014-07-30,2,2014-08-08,In Progress
1211,360,2014-07-30,2,2014-08-04,In Progress
1212,361,2014-07-30,4,2014-08-05,In Progress
1213,362,2014-07-30,3,2014-08-13,In Progress
1214,363,2014-07-30,1,2014-08-09,In Progress
1215,364,2014-07-30,1,2014-08-11,In Progress
1216,365,2014-07-30,5,2014-08-10,In Progress
1217,366,2014-07-30,1,2014-08-07,In Progress
1218,367,2014-07-30,3,2014-08-11,In Progress
1219,368,2014-07-30,3,2014-08-05,In Progress
1220,369,2014-07-30,3,2014-08-16,In Progress
1221,370,2014-07-30,4,2014-08-09,In Progress
1222,371,2014-07-31,5,2014-08-10,In Progress
1223,372,2014-07-31,1,2014-08-06,In Progress
1224,373,2014-07-31,3,2014-08-14,In Progress
1225,374,2014-07-31,1,2014-08-16,In Progress
1226,375,2014-07-31,2,2014-08-07,In Progress
1227,376,2014-07-31,3,2014-08-16,In Progress
1228,377,2014-07-31,5,2014-08-06,In Progress
1229,378,2014-07-31,5,2014-08-10,In Progress
1230,379,2014-07-31,3,2014-08-10,In Progress
1231,380,2014-07-31,3,2014-08-14,In Progress
1232,381,2014-07-31,2,2014-08-12,In Progress
1233,382,2014-07-31,2,2014-08-09,In Progress
1234,383,2014-07-31,2,2014-08-14,In Progress
1235,384,2014-07-31,3,2014-08-12,In Progress
1236,385,2014-07-31,4,2014-08-11,In Progress
1237,386,2014-07-31,4,2014-08-11,In Progress
1238,387,2014-07-31,3,2014-08-09,In Progress
1239,388,2014-08-01,1,2014-08-11,In Progress
1240,389,2014-08-01,1,2014-08-07,In Progress
1241,390,2014-08-01,4,2014-08-12,In Progress
1242,391,2014-08-01,5,2014-08-11,In Progress
1243,392,2014-08-01,4,2014-08-13,In Progress
1244,393,2014-08-01,2,2014-08-07,In Progress
1245,394,2014-08-01,4,2014-08-09,In Progress
1246,395,2014-08-01,3,2014-08-08,In Progress
1247,396,2014-08-01,5,2014-08-08,In Progress
1248,397,2014-08-01,2,2014-08-11,In Progress
1249,398,2014-08-01,3,2014-08-11,In Progress
1250,399,2014-08-01,2,2014-08-09,In Progress
1251,400,2014-08-01,4,2014-08-09,In Progress
1252,401,2014-08-01,2,2014-08-09,In Progress
1253,402,2014-08-02,5,2014-08-08,In Progress
1254,403,2014-08-02,5,2014-08-13,In Progress
1255,404,2014-08-02,2,2014-08-12,In Progress
1256,405,2014-08-02,5,2014-08-09,In Progress
1257,406,2014-08-03,2,2014-08-19,In Progress
1258,407,2014-08-03,4,2014-08-12,In Progress
1259,408,2014-08-03,5,2014-08-16,In Progress
1260,409,2014-08-03,4,2014-08-15,In Progress
1261,410,2014-08-03,2,2014-08-18,In Progress
1262,411,2014-08-04,4,2014-08-11,In Progress
1263,412,2014-08-04,1,2014-08-11,In Progress
1264,413,2014-08-04,5,2014-08-08,In Progress
1265,414,2014-08-04,1,2014-08-14,In Progress
1266,415,2014-08-04,3,2014-08-17,In Progress
1267,416,2014-08-05,2,2014-08-13,In Progress
1268,417,2014-08-05,5,2014-08-13,In Progress
1269,418,2014-08-05,1,2014-08-20,In Progress
1270,419,2014-08-05,1,2014-08-21,In Progress
1271,420,2014-08-05,2,2014-08-13,In Progress
1272,421,2014-08-05,4,2014-08-20,In Progress
1273,422,2014-08-05,5,2014-08-13,In Progress
1274,423,2014-08-05,3,2014-08-14,In Progress
1275,424,2014-08-05,2,2014-08-14,In Progress
1276,425,2014-08-05,5,2014-08-12,In Progress
1277,426,2014-08-05,3,2014-08-16,In Progress
1278,427,2014-08-05,5,2014-08-12,In Progress
1279,428,2014-08-05,5,2014-08-13,In Progress
1280,429,2014-08-05,3,2014-08-20,In Progress
1281,430,2014-08-05,5,2014-08-12,In Progress
1282,431,2014-08-05,2,2014-08-12,In Progress
1283,432,2014-08-06,5,2014-08-16,In Progress
1284,433,2014-08-06,5,2014-08-20,In Progress
1285,434,2014-08-06,4,2014-08-14,In Progress
1286,435,2014-08-06,3,2014-08-15,In Progress
1287,436,2014-08-06,3,2014-08-13,In Progress
1288,437,2014-08-06,2,2014-08-14,In Progress
1289,438,2014-08-06,4,2014-08-23,In Progress
1290,439,2014-08-06,4,2014-08-13,In Progress
1291,440,2014-08-06,3,2014-08-18,In Progress
1292,441,2014-08-07,4,2014-08-17,In Progress
1293,442,2014-08-07,5,2014-08-24,In Progress
1294,443,2014-08-07,2,2014-08-16,In Progress
1295,444,2014-08-07,5,2014-08-15,In Progress
1296,445,2014-08-08,3,2014-08-19,In Progress
1297,446,2014-08-08,2,2014-08-18,In Progress
1298,447,2014-08-08,3,2014-08-17,In Progress
1299,448,2014-08-08,3,2014-08-15,In Progress
1300,449,2014-08-08,1,2014-08-17,In Progress
1301,450,2014-08-08,1,2014-08-16,In Progress
1302,451,2014-08-08,4,2014-08-21,In Progress
1303,452,2014-08-09,3,2014-08-21,In Progress
1304,453,2014-08-09,3,2014-08-17,In Progress
1305,454,2014-08-10,5,2014-08-21,In Progress
1306,455,2014-08-11,4,2014-08-15,In Progress
1307,456,2014-08-11,2,2014-08-18,In Progress
1308,457,2014-08-11,3,2014-08-26,In Progress
1309,458,2014-08-11,5,2014-08-19,In Progress
1310,459,2014-08-11,2,2014-08-24,In Progress
1311,460,2014-08-11,5,2014-08-23,In Progress
1312,461,2014-08-11,2,2014-08-17,In Progress
1313,462,2014-08-11,2,2014-08-16,In Progress
1314,463,2014-08-11,1,2014-08-19,In Progress
1315,464,2014-08-11,1,2014-08-21,In Progress
1316,465,2014-08-11,3,2014-08-23,In Progress
1317,466,2014-08-11,3,2014-08-17,In Progress
1318,467,2014-08-11,1,2014-08-24,In Progress
1319,468,2014-08-11,5,2014-08-25,In Progress
1320,469,2014-08-11,3,2014-08-19,In Progress
1321,470,2014-08-12,2,2014-08-20,In Progress
1322,471,2014-08-12,3,2014-08-23,In Progress
1323,472,2014-08-13,4,2014-08-21,In Progress
1324,473,2014-08-13,5,2014-08-22,In Progress
1325,474,2014-08-13,3,2014-08-26,In Progress
1326,475,2014-08-13,1,2014-08-27,In Progress
1327,476,2014-08-13,5,2014-08-27,In Progress
1328,477,2014-08-13,4,2014-08-21,In Progress
1329,478,2014-08-13,5,2014-08-23,In Progress
1330,479,2014-08-13,2,2014-08-21,In Progress
1331,480,2014-08-13,3,2014-08-25,In Progress
1332,481,2014-08-13,3,2014-08-27,In Progress
1333,482,2014-08-13,4,2014-08-22,In Progress
1334,483,2014-08-13,5,2014-08-24,In Progress
1335,484,2014-08-13,2,2014-08-26,In Progress
1336,485,2014-08-13,2,2014-08-20,In Progress
1337,486,2014-08-14,2,2014-08-22,In Progress
1338,487,2014-08-14,4,2014-08-21,In Progress
1339,488,2014-08-14,4,2014-08-27,In Progress
1340,489,2014-08-15,5,2014-08-25,In Progress
1341,490,2014-08-15,5,2014-08-23,In Progress
1342,491,2014-08-15,5,2014-08-26,In Progress
1343,492,2014-08-15,2,2014-08-28,In Progress
1344,493,2014-08-15,5,2014-08-25,In Progress
1345,494,2014-08-15,2,2014-08-24,In Progress
1346,495,2014-08-16,3,2014-08-21,In Progress
1347,496,2014-08-16,2,2014-08-25,In Progress
1348,497,2014-08-16,1,2014-08-26,In Progress
1349,498,2014-08-16,3,2014-08-26,In Progress
1350,499,2014-08-16,5,2014-08-27,In Progress
1351,500,2014-08-16,5,2014-08-24,In Progress
1352,501,2014-08-16,5,2014-08-22,In Progress
1353,502,2014-08-16,3,2014-08-29,In Progress
1354,503,2014-08-16,1,2014-08-26,In Progress
1355,504,2014-08-16,2,2014-08-23,In Progress
1356,505,2014-08-16,2,2014-08-23,In Progress
1357,506,2014-08-16,2,2014-08-30,In Progress
1358,507,2014-08-16,3,2014-08-20,In Progress
1359,508,2014-08-16,3,2014-08-27,In Progress
1360,509,2014-08-16,4,2014-08-23,In Progress
1361,510,2014-08-16,3,2014-08-28,In Progress
1362,511,2014-08-16,5,2014-08-24,In Progress
1363,512,2014-08-16,3,2014-08-24,In Progress
1364,513,2014-08-16,2,2014-08-25,In Progress
1365,514,2014-08-17,1,2014-08-25,In Progress
1366,515,2014-08-18,5,2014-08-26,In Progress
1367,516,2014-08-18,5,2014-08-28,In Progress
1368,517,2014-08-18,3,2014-08-31,In Progress
1369,518,2014-08-19,3,2014-08-30,In Progress
1370,519,2014-08-19,5,2014-08-30,In Progress
1371,520,2014-08-19,2,2014-09-02,In Progress
1372,521,2014-08-19,5,2014-08-30,In Progress
1373,522,2014-08-20,1,2014-08-30,In Progress
1374,523,2014-08-20,3,2014-08-31,In Progress
1375,524,2014-08-20,2,2014-08-27,In Progress
1376,525,2014-08-20,2,2014-09-09,In Progress
1377,526,2014-08-20,3,2014-09-01,In Progress
1378,527,2014-08-20,4,2014-08-29,In Progress
1379,528,2014-08-20,1,2014-09-06,In Progress
1380,529,2014-08-20,5,2014-09-02,In Progress
1381,530,2014-08-20,5,2014-08-25,In Progress
1382,531,2014-08-20,1,2014-09-03,In Progress
1383,532,2014-08-21,4,2014-09-05,In Progress
1384,533,2014-08-21,1,2014-09-04,In Progress
1385,534,2014-08-21,5,2014-08-31,In Progress
1386,535,2014-08-21,5,2014-08-30,In Progress
1387,536,2014-08-21,2,2014-08-29,In Progress
1388,537,2014-08-21,2,2014-08-26,In Progress
1389,538,2014-08-21,5,2014-09-02,In Progress
1390,539,2014-08-21,3,2014-09-06,In Progress
1391,540,2014-08-21,3,2014-08-31,In Progress
1392,541,2014-08-21,2,2014-08-28,In Progress
1393,542,2014-08-22,4,2014-08-28,In Progress
1394,543,2014-08-22,3,2014-09-08,In Progress
1395,544,2014-08-22,5,2014-08-28,In Progress
1396,545,2014-08-22,4,2014-09-05,In Progress
1397,546,2014-08-22,1,2014-09-03,In Progress
1398,547,2014-08-22,1,2014-08-31,In Progress
1399,548,2014-08-22,5,2014-09-07,In Progress
1400,549,2014-08-22,4,2014-09-01,In Progress
1401,550,2014-08-22,1,2014-09-03,In Progress
1402,551,2014-08-22,5,2014-08-29,In Progress
1403,552,2014-08-22,1,2014-09-04,In Progress
1404,553,2014-08-22,4,2014-08-30,In Progress
1405,554,2014-08-22,1,2014-09-04,In Progress
1406,555,2014-08-23,3,2014-08-28,In Progress
1407,556,2014-08-23,1,2014-09-01,In Progress
1408,557,2014-08-23,3,2014-09-04,In Progress
1409,558,2014-08-23,2,2014-09-02,In Progress
1410,559,2014-08-23,1,2014-09-06,In Progress
1411,560,2014-08-23,1,2014-08-29,In Progress
1412,561,2014-08-23,3,2014-09-03,In Progress
1413,562,2014-08-23,4,2014-09-03,In Progress
1414,563,2014-08-23,1,2014-08-28,In Progress
1415,564,2014-08-23,4,2014-09-02,In Progress
1416,565,2014-08-23,3,2014-09-07,In Progress
1417,566,2014-08-23,5,2014-08-30,In Progress
1418,567,2014-08-23,3,2014-09-01,In Progress
1419,568,2014-08-23,1,2014-08-30,In Progress
1420,569,2014-08-23,2,2014-09-03,In Progress
1421,570,2014-08-23,3,2014-09-08,In Progress
1422,571,2014-08-23,5,2014-09-04,In Progress
1423,572,2014-08-23,1,2014-09-07,In Progress
1424,573,2014-08-23,3,2014-08-26,In Progress
1425,574,2014-08-24,2,2014-08-31,In Progress
1426,575,2014-08-24,4,2014-09-09,In Progress
1427,576,2014-08-24,3,2014-09-07,In Progress
1428,577,2014-08-24,5,2014-09-02,In Progress
1429,578,2014-08-24,3,2014-09-04,In Progress
1430,579,2014-08-24,3,2014-09-05,In Progress
1431,580,2014-08-24,2,2014-09-05,In Progress
1432,581,2014-08-24,2,2014-08-31,In Progress
1433,582,2014-08-24,4,2014-09-05,In Progress
1434,583,2014-08-24,5,2014-09-05,In Progress
1435,584,2014-08-25,5,2014-09-06,In Progress
1436,585,2014-08-25,1,2014-09-08,In Progress
1437,586,2014-08-25,5,2014-09-02,In Progress
1438,587,2014-08-25,4,2014-09-08,In Progress
1439,588,2014-08-25,2,2014-09-03,In Progress
1440,589,2014-08-25,2,2014-09-07,In Progress
1441,590,2014-08-25,5,2014-09-02,In Progress
1442,591,2014-08-25,5,2014-09-04,In Progress
1443,592,2014-08-25,3,2014-09-09,In Progress
1444,593,2014-08-25,2,2014-09-06,In Progress
1445,594,2014-08-25,1,2014-09-14,In Progress
1446,595,2014-08-25,2,2014-09-03,In Progress
1447,596,2014-08-25,4,2014-09-01,In Progress
1448,597,2014-08-26,5,2014-09-06,In Progress
1449,598,2014-08-26,4,2014-09-05,In Progress
1450,599,2014-08-26,1,2014-09-04,In Progress
1451,600,2014-08-26,2,2014-08-31,In Progress
1452,601,2014-08-26,5,2014-09-04,In Progress
1453,602,2014-08-26,2,2014-09-08,In Progress
1454,603,2014-08-26,1,2014-09-04,In Progress
1455,604,2014-08-26,5,2014-09-01,In Progress
1456,605,2014-08-26,3,2014-09-11,In Progress
1457,606,2014-08-26,2,2014-09-09,In Progress
1458,607,2014-08-26,3,2014-09-06,In Progress
1459,608,2014-08-26,2,2014-09-10,In Progress
1460,609,2014-08-26,1,2014-09-02,In Progress
1461,610,2014-08-26,3,2014-09-04,In Progress
1462,611,2014-08-26,2,2014-09-05,In Progress
1463,612,2014-08-26,3,2014-09-03,In Progress
1464,613,2014-08-26,1,2014-09-01,In Progress
1465,614,2014-08-26,1,2014-08-30,In Progress
1466,615,2014-08-26,4,2014-09-04,In Progress
1467,616,2014-08-27,4,2014-09-07,In Progress
1468,617,2014-08-27,1,2014-09-09,In Progress
1469,618,2014-08-27,2,2014-09-03,In Progress
1470,619,2014-08-27,4,2014-09-06,In Progress
1471,620,2014-08-27,3,2014-09-06,In Progress
1472,621,2014-08-27,3,2014-09-08,In Progress
1473,622,2014-08-28,2,2014-09-07,In Progress
1474,623,2014-08-28,4,2014-09-06,In Progress
1475,624,2014-08-28,1,2014-09-07,In Progress
1476,625,2014-08-28,5,2014-09-04,In Progress
1477,626,2014-08-28,1,2014-09-05,In Progress
1478,627,2014-08-28,4,2014-09-07,In Progress
1479,628,2014-08-28,5,2014-09-11,In Progress
1480,629,2014-08-28,3,2014-09-13,In Progress
1481,630,2014-08-28,2,2014-09-02,In Progress
1482,631,2014-08-29,2,2014-09-09,In Progress
1483,632,2014-08-29,3,2014-09-10,In Progress
1484,633,2014-08-29,5,2014-09-06,In Progress
1485,634,2014-08-29,2,2014-09-15,In Progress
1486,635,2014-08-29,3,2014-09-11,In Progress
1487,636,2014-08-29,4,2014-09-05,In Progress
1488,637,2014-08-30,5,2014-09-08,In Progress
1489,638,2014-08-30,2,2014-09-07,In Progress
1490,639,2014-08-30,5,2014-09-07,In Progress
1491,640,2014-08-30,5,2014-09-13,In Progress
1492,641,2014-08-30,2,2014-09-08,In Progress
1493,642,2014-08-30,1,2014-09-15,In Progress
1494,643,2014-08-31,1,2014-09-10,In Progress
1495,644,2014-08-31,2,2014-09-14,In Progress
1496,645,2014-08-31,4,2014-09-08,In Progress
1497,646,2014-08-31,1,2014-09-11,In Progress
1498,647,2014-08-31,4,2014-09-12,In Progress
1499,648,2014-08-31,1,2014-09-10,In Progress
1500,649,2014-08-31,1,2014-09-05,In Progress
1501,650,2014-08-31,1,2014-09-07,In Progress
1502,651,2014-08-31,3,2014-09-09,In Progress
1503,652,2014-08-31,5,2014-09-12,In Progress
1504,653,2014-08-31,5,2014-09-10,In Progress
1505,654,2014-08-31,2,2014-09-08,In Progress
1506,655,2014-08-31,1,2014-09-10,In Progress
1507,656,2014-09-01,4,2014-09-10,In Progress
1508,657,2014-09-01,4,2014-09-11,In Progress
1509,658,2014-09-01,4,2014-09-11,In Progress
1510,659,2014-09-01,5,2014-09-08,In Progress
1511,660,2014-09-01,3,2014-09-09,In Progress
1512,661,2014-09-02,2,2014-09-14,In Progress
1513,662,2014-09-02,4,2014-09-15,In Progress
1514,663,2014-09-02,3,2014-09-12,In Progress
1515,664,2014-09-02,2,2014-09-12,In Progress
1516,665,2014-09-02,5,2014-09-07,In Progress
1517,666,2014-09-02,2,2014-09-14,In Progress
1518,667,2014-09-02,1,2014-09-15,In Progress
1519,668,2014-09-03,4,2014-09-18,In Progress
1520,669,2014-09-03,2,2014-09-13,In Progress
1521,670,2014-09-03,3,2014-09-19,In Progress
1522,671,2014-09-03,3,2014-09-12,In Progress
1523,672,2014-09-03,3,2014-09-11,In Progress
1524,673,2014-09-03,2,2014-09-09,In Progress
1525,674,2014-09-04,1,2014-09-20,In Progress
1526,675,2014-09-04,4,2014-09-19,In Progress
1527,676,2014-09-04,3,2014-09-16,In Progress
1528,677,2014-09-04,5,2014-09-11,In Progress
1529,678,2014-09-04,3,2014-09-10,In Progress
1530,679,2014-09-04,3,2014-09-12,In Progress
1531,680,2014-09-04,3,2014-09-09,In Progress
1532,681,2014-09-04,1,2014-09-14,In Progress
1533,682,2014-09-04,1,2014-09-13,In Progress
1534,683,2014-09-04,4,2014-09-15,In Progress
1535,684,2014-09-04,4,2014-09-11,In Progress
1536,685,2014-09-04,3,2014-09-15,In Progress
1537,686,2014-09-04,5,2014-09-11,In Progress
1538,687,2014-09-04,3,2014-09-14,In Progress
1539,688,2014-09-04,3,2014-09-12,In Progress
1540,689,2014-09-04,1,2014-09-17,In Progress
1541,690,2014-09-05,2,2014-09-12,In Progress
1542,691,2014-09-05,4,2014-09-14,In Progress
1543,692,2014-09-05,2,2014-09-09,In Progress
1544,693,2014-09-05,4,2014-09-15,In Progress
1545,694,2014-09-05,5,2014-09-15,In Progress
1546,695,2014-09-05,4,2014-09-09,In Progress
1547,696,2014-09-05,1,2014-09-16,In Progress
1548,697,2014-09-05,2,2014-09-15,In Progress
1549,698,2014-09-05,5,2014-09-11,In Progress
1550,699,2014-09-05,4,2014-09-11,In Progress
1551,700,2014-09-05,4,2014-09-15,In Progress
1552,701,2014-09-05,5,2014-09-13,In Progress
1553,702,2014-09-05,1,2014-09-15,In Progress
1554,703,2014-09-06,2,2014-09-16,In Progress
1555,704,2014-09-06,1,2014-09-14,In Progress
1556,705,2014-09-06,3,2014-09-15,In Progress
1557,706,2014-09-06,5,2014-09-16,In Progress
1558,707,2014-09-06,2,2014-09-13,In Progress
1559,708,2014-09-07,3,2014-09-15,In Progress
1560,709,2014-09-08,5,2014-09-19,In Progress
1561,710,2014-09-09,4,2014-09-20,In Progress
1562,711,2014-09-09,4,2014-09-25,In Progress
1563,712,2014-09-09,5,2014-09-18,In Progress
1564,713,2014-09-09,5,2014-09-20,In Progress
1565,714,2014-09-09,1,2014-09-16,In Progress
1566,715,2014-09-09,1,2014-09-19,In Progress
1567,716,2014-09-09,4,2014-09-20,In Progress
1568,717,2014-09-09,5,2014-09-16,In Progress
1569,718,2014-09-09,1,2014-09-15,In Progress
1570,719,2014-09-09,3,2014-09-23,In Progress
1571,720,2014-09-09,4,2014-09-18,In Progress
1572,721,2014-09-09,5,2014-09-14,In Progress
1573,722,2014-09-09,2,2014-09-18,In Progress
1574,723,2014-09-09,3,2014-09-16,In Progress
1575,724,2014-09-09,4,2014-09-21,In Progress
1576,725,2014-09-10,5,2014-09-23,In Progress
1577,726,2014-09-10,5,2014-09-26,In Progress
1578,727,2014-09-10,3,2014-09-20,In Progress
1579,728,2014-09-10,1,2014-09-23,In Progress
1580,730,2014-09-10,1,2014-09-17,In Progress
1581,731,2014-09-10,2,2014-09-21,In Progress
1582,732,2014-09-10,5,2014-09-16,In Progress
1583,734,2014-09-10,5,2014-09-18,In Progress
1584,735,2014-09-11,1,2014-09-25,In Progress
1585,736,2014-09-11,3,2014-09-23,In Progress
1586,737,2014-09-11,5,2014-09-18,In Progress
1587,738,2014-09-11,2,2014-09-24,In Progress
1588,739,2014-09-11,5,2014-09-18,In Progress
1589,740,2014-09-11,4,2014-09-20,In Progress
1590,741,2014-09-11,5,2014-09-18,In Progress
1591,742,2014-09-11,1,2014-09-16,In Progress
1592,743,2014-09-11,5,2014-09-18,In Progress
1593,744,2014-09-11,4,2014-09-22,In Progress
1594,745,2014-09-11,2,2014-09-19,In Progress
1595,747,2014-09-11,4,2014-09-26,In Progress
1596,748,2014-09-12,2,2014-09-22,In Progress
1597,749,2014-09-12,1,2014-09-20,In Progress
1598,750,2014-09-12,1,2014-09-21,In Progress
1599,751,2014-09-12,1,2014-09-21,In Progress
1600,753,2014-09-12,4,2014-09-22,In Progress
1601,754,2014-09-12,4,2014-09-19,In Progress
1602,755,2014-09-12,2,2014-09-19,In Progress
1603,756,2014-09-13,5,2014-09-18,In Progress
1604,758,2014-09-13,2,2014-09-24,In Progress
1605,768,2014-09-14,1,2014-09-22,In Progress
1606,769,2014-09-14,4,2014-09-23,In Progress
1607,770,2014-09-14,2,2014-09-26,In Progress
1608,778,2014-09-14,2,2014-09-24,In Progress
1609,785,2014-09-15,1,2014-09-25,In Progress
1610,788,2014-09-15,3,2014-09-23,In Progress
1611,792,2014-09-15,4,2014-09-23,In Progress
1612,794,2014-09-15,5,2014-09-28,In Progress
1613,799,2014-09-16,2,2014-09-25,In Progress
1614,801,2014-09-16,3,2014-09-27,In Progress
1615,802,2014-09-16,1,2014-09-22,In Progress
1616,1,2014-06-24,5,2014-07-16,Done
1617,2,2014-06-24,2,2014-07-11,Done
1618,3,2014-06-24,1,2014-07-17,Done
1619,4,2014-06-24,5,2014-07-19,Done
1620,5,2014-06-24,1,2014-07-07,Done
1621,6,2014-06-24,4,2014-07-15,Done
1622,7,2014-06-24,4,2014-07-08,Done
1623,8,2014-06-24,2,2014-07-12,Done
1624,9,2014-06-25,4,2014-07-11,Done
1625,10,2014-06-25,3,2014-07-16,Done
1626,11,2014-06-25,2,2014-07-13,Done
1627,12,2014-06-25,5,2014-07-18,Done
1628,13,2014-06-26,4,2014-07-11,Done
1629,14,2014-06-26,2,2014-07-17,Done
1630,15,2014-06-26,5,2014-07-16,Done
1631,16,2014-06-26,3,2014-07-16,Done
1632,17,2014-06-26,3,2014-07-14,Done
1633,18,2014-06-26,1,2014-07-17,Done
1634,19,2014-06-27,3,2014-07-14,Done
1635,20,2014-06-27,5,2014-07-11,Done
1636,21,2014-06-27,4,2014-07-25,Done
1637,22,2014-06-27,4,2014-07-15,Done
1638,23,2014-06-27,4,2014-07-17,Done
1639,24,2014-06-27,2,2014-07-23,Done
1640,25,2014-06-27,2,2014-07-13,Done
1641,26,2014-06-27,1,2014-07-10,Done
1642,27,2014-06-27,2,2014-07-18,Done
1643,28,2014-06-27,5,2014-07-13,Done
1644,29,2014-06-27,1,2014-07-18,Done
1645,30,2014-06-27,3,2014-07-20,Done
1646,31,2014-06-28,3,2014-07-15,Done
1647,32,2014-06-28,5,2014-07-14,Done
1648,33,2014-06-29,2,2014-07-19,Done
1649,34,2014-06-29,2,2014-07-08,Done
1650,35,2014-06-29,1,2014-07-22,Done
1651,36,2014-06-29,1,2014-07-18,Done
1652,37,2014-06-29,1,2014-07-24,Done
1653,38,2014-06-29,3,2014-07-26,Done
1654,39,2014-06-30,2,2014-07-18,Done
1655,40,2014-06-30,3,2014-07-15,Done
1656,41,2014-06-30,5,2014-07-20,Done
1657,42,2014-06-30,1,2014-07-16,Done
1658,43,2014-06-30,3,2014-07-15,Done
1659,44,2014-06-30,3,2014-07-16,Done
1660,45,2014-07-01,3,2014-07-16,Done
1661,46,2014-07-01,2,2014-07-23,Done
1662,47,2014-07-01,3,2014-07-17,Done
1663,48,2014-07-01,5,2014-07-18,Done
1664,49,2014-07-01,5,2014-07-22,Done
1665,50,2014-07-02,4,2014-07-20,Done
1666,51,2014-07-02,4,2014-07-19,Done
1667,52,2014-07-02,5,2014-07-15,Done
1668,53,2014-07-02,2,2014-07-31,Done
1669,54,2014-07-02,5,2014-07-19,Done
1670,55,2014-07-02,1,2014-07-22,Done
1671,56,2014-07-02,2,2014-07-22,Done
1672,57,2014-07-02,1,2014-07-21,Done
1673,58,2014-07-02,1,2014-07-24,Done
1674,59,2014-07-02,2,2014-07-24,Done
1675,60,2014-07-02,3,2014-07-24,Done
1676,61,2014-07-02,1,2014-07-18,Done
1677,62,2014-07-02,2,2014-08-02,Done
1678,63,2014-07-03,5,2014-07-24,Done
1679,64,2014-07-03,2,2014-07-15,Done
1680,65,2014-07-03,1,2014-07-25,Done
1681,66,2014-07-03,4,2014-07-28,Done
1682,67,2014-07-03,5,2014-07-24,Done
1683,68,2014-07-03,5,2014-07-25,Done
1684,69,2014-07-03,5,2014-07-24,Done
1685,70,2014-07-03,4,2014-07-11,Done
1686,71,2014-07-03,5,2014-07-18,Done
1687,72,2014-07-03,4,2014-07-21,Done
1688,73,2014-07-03,4,2014-07-27,Done
1689,74,2014-07-03,2,2014-07-26,Done
1690,75,2014-07-03,3,2014-07-21,Done
1691,76,2014-07-03,4,2014-07-18,Done
1692,77,2014-07-03,3,2014-07-26,Done
1693,78,2014-07-03,4,2014-07-29,Done
1694,79,2014-07-03,1,2014-07-26,Done
1695,80,2014-07-03,2,2014-07-17,Done
1696,81,2014-07-03,2,2014-07-22,Done
1697,82,2014-07-04,2,2014-07-17,Done
1698,83,2014-07-04,2,2014-07-23,Done
1699,84,2014-07-04,4,2014-07-27,Done
1700,85,2014-07-04,2,2014-07-23,Done
1701,86,2014-07-04,5,2014-07-20,Done
1702,87,2014-07-04,2,2014-07-22,Done
1703,88,2014-07-04,1,2014-07-26,Done
1704,89,2014-07-05,4,2014-07-22,Done
1705,90,2014-07-05,1,2014-07-21,Done
1706,91,2014-07-05,2,2014-07-28,Done
1707,92,2014-07-05,3,2014-07-22,Done
1708,93,2014-07-05,4,2014-07-29,Done
1709,94,2014-07-05,4,2014-07-28,Done
1710,95,2014-07-05,1,2014-07-25,Done
1711,96,2014-07-05,3,2014-07-29,Done
1712,97,2014-07-05,4,2014-07-21,Done
1713,98,2014-07-05,4,2014-08-02,Done
1714,99,2014-07-05,1,2014-07-25,Done
1715,100,2014-07-05,1,2014-08-03,Done
1716,101,2014-07-06,3,2014-07-27,Done
1717,102,2014-07-06,3,2014-07-27,Done
1718,103,2014-07-06,4,2014-08-01,Done
1719,104,2014-07-06,2,2014-07-30,Done
1720,105,2014-07-06,1,2014-07-30,Done
1721,106,2014-07-06,3,2014-07-21,Done
1722,107,2014-07-06,4,2014-07-20,Done
1723,108,2014-07-06,2,2014-07-25,Done
1724,109,2014-07-06,5,2014-07-26,Done
1725,110,2014-07-06,4,2014-07-18,Done
1726,111,2014-07-06,4,2014-08-02,Done
1727,112,2014-07-06,1,2014-08-02,Done
1728,113,2014-07-06,1,2014-07-26,Done
1729,114,2014-07-06,3,2014-07-26,Done
1730,115,2014-07-06,4,2014-07-17,Done
1731,116,2014-07-06,5,2014-07-26,Done
1732,117,2014-07-06,5,2014-07-23,Done
1733,118,2014-07-06,3,2014-07-23,Done
1734,119,2014-07-07,4,2014-07-30,Done
1735,120,2014-07-07,5,2014-07-24,Done
1736,121,2014-07-07,2,2014-07-27,Done
1737,122,2014-07-07,4,2014-07-16,Done
1738,123,2014-07-07,4,2014-07-24,Done
1739,124,2014-07-07,4,2014-07-31,Done
1740,125,2014-07-07,2,2014-07-29,Done
1741,126,2014-07-07,3,2014-07-25,Done
1742,127,2014-07-07,3,2014-07-28,Done
1743,128,2014-07-07,3,2014-07-22,Done
1744,129,2014-07-07,1,2014-07-25,Done
1745,130,2014-07-07,3,2014-07-24,Done
1746,131,2014-07-07,1,2014-07-26,Done
1747,132,2014-07-07,1,2014-07-26,Done
1748,133,2014-07-07,2,2014-07-19,Done
1749,134,2014-07-07,4,2014-07-29,Done
1750,135,2014-07-07,1,2014-07-20,Done
1751,136,2014-07-08,5,2014-07-30,Done
1752,137,2014-07-08,5,2014-07-29,Done
1753,138,2014-07-08,1,2014-07-30,Done
1754,139,2014-07-08,4,2014-07-27,Done
1755,140,2014-07-08,3,2014-07-30,Done
1756,141,2014-07-08,5,2014-07-29,Done
1757,142,2014-07-09,3,2014-07-24,Done
1758,143,2014-07-09,1,2014-07-27,Done
1759,144,2014-07-09,2,2014-07-31,Done
1760,145,2014-07-09,1,2014-07-26,Done
1761,146,2014-07-09,4,2014-07-23,Done
1762,147,2014-07-09,2,2014-07-28,Done
1763,148,2014-07-09,3,2014-07-22,Done
1764,149,2014-07-10,2,2014-08-03,Done
1765,150,2014-07-10,4,2014-08-02,Done
1766,151,2014-07-10,4,2014-08-01,Done
1767,152,2014-07-10,3,2014-07-20,Done
1768,153,2014-07-10,1,2014-08-03,Done
1769,154,2014-07-10,1,2014-07-29,Done
1770,155,2014-07-10,5,2014-08-05,Done
1771,156,2014-07-10,3,2014-07-25,Done
1772,157,2014-07-11,5,2014-08-04,Done
1773,158,2014-07-11,1,2014-08-03,Done
1774,159,2014-07-11,1,2014-07-29,Done
1775,160,2014-07-11,5,2014-07-29,Done
1776,161,2014-07-11,4,2014-07-23,Done
1777,162,2014-07-11,1,2014-08-04,Done
1778,163,2014-07-11,3,2014-07-25,Done
1779,164,2014-07-11,4,2014-07-31,Done
1780,165,2014-07-11,4,2014-08-06,Done
1781,166,2014-07-11,2,2014-07-27,Done
1782,167,2014-07-11,5,2014-07-31,Done
1783,168,2014-07-11,4,2014-08-08,Done
1784,169,2014-07-11,1,2014-08-03,Done
1785,170,2014-07-11,5,2014-08-04,Done
1786,171,2014-07-11,5,2014-07-31,Done
1787,172,2014-07-11,1,2014-07-30,Done
1788,173,2014-07-12,4,2014-08-04,Done
1789,174,2014-07-13,1,2014-07-26,Done
1790,175,2014-07-13,4,2014-08-06,Done
1791,176,2014-07-13,2,2014-08-03,Done
1792,177,2014-07-13,3,2014-07-30,Done
1793,178,2014-07-13,2,2014-08-07,Done
1794,179,2014-07-13,3,2014-08-06,Done
1795,180,2014-07-13,2,2014-08-03,Done
1796,181,2014-07-13,4,2014-07-31,Done
1797,182,2014-07-13,1,2014-07-30,Done
1798,183,2014-07-13,5,2014-08-05,Done
1799,184,2014-07-13,2,2014-08-12,Done
1800,185,2014-07-13,3,2014-07-31,Done
1801,186,2014-07-13,4,2014-08-04,Done
1802,187,2014-07-14,4,2014-08-04,Done
1803,188,2014-07-14,3,2014-08-02,Done
1804,189,2014-07-14,5,2014-08-05,Done
1805,190,2014-07-14,3,2014-07-29,Done
1806,191,2014-07-14,5,2014-08-02,Done
1807,192,2014-07-14,3,2014-08-03,Done
1808,193,2014-07-14,3,2014-08-01,Done
1809,194,2014-07-14,3,2014-08-07,Done
1810,195,2014-07-14,2,2014-08-01,Done
1811,196,2014-07-14,5,2014-08-01,Done
1812,197,2014-07-14,4,2014-07-29,Done
1813,198,2014-07-14,5,2014-08-04,Done
1814,199,2014-07-14,1,2014-08-08,Done
1815,200,2014-07-14,2,2014-08-04,Done
1816,201,2014-07-15,2,2014-08-07,Done
1817,202,2014-07-15,5,2014-08-07,Done
1818,203,2014-07-15,5,2014-08-13,Done
1819,204,2014-07-15,5,2014-08-06,Done
1820,205,2014-07-15,5,2014-07-31,Done
1821,206,2014-07-15,4,2014-07-29,Done
1822,207,2014-07-15,4,2014-08-06,Done
1823,208,2014-07-15,2,2014-08-03,Done
1824,209,2014-07-15,2,2014-07-28,Done
1825,210,2014-07-15,2,2014-07-29,Done
1826,211,2014-07-15,4,2014-08-10,Done
1827,212,2014-07-15,2,2014-08-14,Done
1828,213,2014-07-15,5,2014-08-05,Done
1829,214,2014-07-16,4,2014-07-31,Done
1830,215,2014-07-17,1,2014-08-05,Done
1831,216,2014-07-17,1,2014-08-11,Done
1832,217,2014-07-17,1,2014-08-07,Done
1833,218,2014-07-17,5,2014-07-30,Done
1834,219,2014-07-17,4,2014-07-26,Done
1835,220,2014-07-17,2,2014-07-29,Done
1836,221,2014-07-17,1,2014-08-03,Done
1837,222,2014-07-17,1,2014-08-03,Done
1838,223,2014-07-17,5,2014-08-15,Done
1839,224,2014-07-17,4,2014-08-05,Done
1840,225,2014-07-17,3,2014-08-12,Done
1841,226,2014-07-17,3,2014-08-07,Done
1842,227,2014-07-17,3,2014-08-03,Done
1843,228,2014-07-17,4,2014-08-06,Done
1844,229,2014-07-17,5,2014-08-05,Done
1845,230,2014-07-17,4,2014-08-05,Done
1846,231,2014-07-18,1,2014-08-10,Done
1847,232,2014-07-18,4,2014-08-04,Done
1848,233,2014-07-18,4,2014-07-29,Done
1849,234,2014-07-18,2,2014-08-08,Done
1850,235,2014-07-18,4,2014-08-11,Done
1851,236,2014-07-18,5,2014-08-06,Done
1852,237,2014-07-18,4,2014-08-10,Done
1853,238,2014-07-18,4,2014-07-31,Done
1854,239,2014-07-18,1,2014-08-01,Done
1855,240,2014-07-18,3,2014-08-08,Done
1856,241,2014-07-18,1,2014-08-10,Done
1857,242,2014-07-18,4,2014-08-03,Done
1858,243,2014-07-19,5,2014-08-02,Done
1859,244,2014-07-19,2,2014-08-06,Done
1860,245,2014-07-19,4,2014-08-08,Done
1861,246,2014-07-19,4,2014-08-07,Done
1862,247,2014-07-19,1,2014-08-08,Done
1863,248,2014-07-19,4,2014-08-08,Done
1864,249,2014-07-19,5,2014-08-11,Done
1865,250,2014-07-19,3,2014-08-07,Done
1866,251,2014-07-19,4,2014-08-17,Done
1867,252,2014-07-19,2,2014-08-05,Done
1868,253,2014-07-19,1,2014-08-05,Done
1869,254,2014-07-19,4,2014-08-05,Done
1870,255,2014-07-19,1,2014-08-05,Done
1871,256,2014-07-19,4,2014-08-11,Done
1872,257,2014-07-19,3,2014-08-07,Done
1873,258,2014-07-19,5,2014-08-10,Done
1874,259,2014-07-19,1,2014-07-30,Done
1875,260,2014-07-19,3,2014-08-06,Done
1876,261,2014-07-19,4,2014-08-10,Done
1877,262,2014-07-20,5,2014-08-11,Done
1878,263,2014-07-20,3,2014-08-06,Done
1879,264,2014-07-20,2,2014-08-16,Done
1880,265,2014-07-20,1,2014-08-08,Done
1881,266,2014-07-20,1,2014-08-08,Done
1882,267,2014-07-20,1,2014-08-03,Done
1883,268,2014-07-20,3,2014-08-15,Done
1884,269,2014-07-20,1,2014-08-05,Done
1885,270,2014-07-20,1,2014-08-11,Done
1886,271,2014-07-20,1,2014-08-09,Done
1887,272,2014-07-20,4,2014-08-13,Done
1888,273,2014-07-20,2,2014-08-03,Done
1889,274,2014-07-20,2,2014-08-11,Done
1890,275,2014-07-20,4,2014-07-31,Done
1891,276,2014-07-20,3,2014-08-03,Done
1892,277,2014-07-21,4,2014-08-07,Done
1893,278,2014-07-21,3,2014-08-07,Done
1894,279,2014-07-21,2,2014-08-11,Done
1895,280,2014-07-21,5,2014-08-06,Done
1896,281,2014-07-21,2,2014-08-10,Done
1897,282,2014-07-22,3,2014-08-09,Done
1898,283,2014-07-22,1,2014-08-08,Done
1899,284,2014-07-22,2,2014-08-10,Done
1900,285,2014-07-23,5,2014-08-12,Done
1901,286,2014-07-23,1,2014-08-12,Done
1902,287,2014-07-23,5,2014-08-14,Done
1903,288,2014-07-23,1,2014-08-10,Done
1904,289,2014-07-23,2,2014-08-10,Done
1905,290,2014-07-23,4,2014-08-19,Done
1906,291,2014-07-23,1,2014-08-11,Done
1907,292,2014-07-23,4,2014-08-06,Done
1908,293,2014-07-23,1,2014-08-16,Done
1909,294,2014-07-23,5,2014-08-11,Done
1910,295,2014-07-23,4,2014-08-05,Done
1911,296,2014-07-23,5,2014-08-07,Done
1912,297,2014-07-23,4,2014-08-16,Done
1913,298,2014-07-23,3,2014-08-20,Done
1914,299,2014-07-23,5,2014-08-06,Done
1915,300,2014-07-23,5,2014-08-12,Done
1916,301,2014-07-23,3,2014-08-11,Done
1917,302,2014-07-23,4,2014-08-07,Done
1918,303,2014-07-23,5,2014-08-07,Done
1919,304,2014-07-24,4,2014-08-05,Done
1920,305,2014-07-24,4,2014-08-16,Done
1921,306,2014-07-24,5,2014-08-14,Done
1922,307,2014-07-24,4,2014-08-08,Done
1923,308,2014-07-24,3,2014-08-11,Done
1924,309,2014-07-25,1,2014-08-14,Done
1925,310,2014-07-26,5,2014-08-16,Done
1926,311,2014-07-26,1,2014-08-12,Done
1927,312,2014-07-26,1,2014-08-15,Done
1928,313,2014-07-26,3,2014-08-20,Done
1929,314,2014-07-26,4,2014-08-09,Done
1930,315,2014-07-26,5,2014-08-20,Done
1931,316,2014-07-26,1,2014-08-12,Done
1932,317,2014-07-26,4,2014-08-21,Done
1933,318,2014-07-26,5,2014-08-19,Done
1934,319,2014-07-26,1,2014-08-17,Done
1935,320,2014-07-26,4,2014-08-13,Done
1936,321,2014-07-26,2,2014-08-18,Done
1937,322,2014-07-26,4,2014-08-15,Done
1938,323,2014-07-26,1,2014-08-10,Done
1939,324,2014-07-26,1,2014-08-17,Done
1940,325,2014-07-26,3,2014-08-17,Done
1941,326,2014-07-26,3,2014-08-14,Done
1942,327,2014-07-27,5,2014-08-19,Done
1943,328,2014-07-27,2,2014-08-08,Done
1944,329,2014-07-27,3,2014-08-22,Done
1945,330,2014-07-28,2,2014-08-23,Done
1946,331,2014-07-28,1,2014-08-19,Done
1947,332,2014-07-28,4,2014-08-12,Done
1948,333,2014-07-28,5,2014-08-19,Done
1949,334,2014-07-28,2,2014-08-13,Done
1950,335,2014-07-28,2,2014-08-21,Done
1951,336,2014-07-28,2,2014-08-14,Done
1952,337,2014-07-28,1,2014-08-12,Done
1953,338,2014-07-28,1,2014-08-09,Done
1954,339,2014-07-28,3,2014-08-20,Done
1955,340,2014-07-28,5,2014-08-16,Done
1956,341,2014-07-28,2,2014-08-19,Done
1957,342,2014-07-28,3,2014-08-16,Done
1958,343,2014-07-28,5,2014-08-18,Done
1959,344,2014-07-28,3,2014-08-16,Done
1960,345,2014-07-28,5,2014-08-16,Done
1961,346,2014-07-28,2,2014-08-18,Done
1962,347,2014-07-29,3,2014-08-17,Done
1963,348,2014-07-29,4,2014-08-13,Done
1964,349,2014-07-29,5,2014-08-17,Done
1965,350,2014-07-29,4,2014-08-13,Done
1966,351,2014-07-29,1,2014-08-21,Done
1967,352,2014-07-29,4,2014-08-11,Done
1968,353,2014-07-29,2,2014-08-18,Done
1969,354,2014-07-29,2,2014-08-08,Done
1970,355,2014-07-29,4,2014-08-15,Done
1971,356,2014-07-29,5,2014-08-17,Done
1972,357,2014-07-29,4,2014-08-20,Done
1973,358,2014-07-30,3,2014-08-22,Done
1974,359,2014-07-30,2,2014-08-22,Done
1975,360,2014-07-30,2,2014-08-16,Done
1976,361,2014-07-30,4,2014-08-14,Done
1977,362,2014-07-30,3,2014-08-25,Done
1978,363,2014-07-30,1,2014-08-21,Done
1979,364,2014-07-30,1,2014-08-19,Done
1980,365,2014-07-30,5,2014-08-21,Done
1981,366,2014-07-30,1,2014-08-17,Done
1982,367,2014-07-30,3,2014-08-15,Done
1983,368,2014-07-30,3,2014-08-14,Done
1984,369,2014-07-30,3,2014-08-21,Done
1985,370,2014-07-30,4,2014-08-28,Done
1986,371,2014-07-31,5,2014-08-19,Done
1987,372,2014-07-31,1,2014-08-18,Done
1988,373,2014-07-31,3,2014-08-25,Done
1989,374,2014-07-31,1,2014-08-27,Done
1990,375,2014-07-31,2,2014-08-12,Done
1991,376,2014-07-31,3,2014-08-29,Done
1992,377,2014-07-31,5,2014-08-14,Done
1993,378,2014-07-31,5,2014-08-19,Done
1994,379,2014-07-31,3,2014-08-18,Done
1995,380,2014-07-31,3,2014-08-30,Done
1996,381,2014-07-31,2,2014-08-27,Done
1997,382,2014-07-31,2,2014-08-22,Done
1998,383,2014-07-31,2,2014-08-27,Done
1999,384,2014-07-31,3,2014-08-18,Done
2000,385,2014-07-31,4,2014-08-20,Done
2001,386,2014-07-31,4,2014-08-18,Done
2002,387,2014-07-31,3,2014-08-16,Done
2003,388,2014-08-01,1,2014-08-22,Done
2004,389,2014-08-01,1,2014-08-19,Done
2005,390,2014-08-01,4,2014-08-22,Done
2006,391,2014-08-01,5,2014-08-24,Done
2007,392,2014-08-01,4,2014-08-22,Done
2008,393,2014-08-01,2,2014-08-14,Done
2009,394,2014-08-01,4,2014-08-18,Done
2010,395,2014-08-01,3,2014-08-15,Done
2011,396,2014-08-01,5,2014-08-23,Done
2012,397,2014-08-01,2,2014-08-17,Done
2013,398,2014-08-01,3,2014-08-15,Done
2014,399,2014-08-01,2,2014-08-18,Done
2015,400,2014-08-01,4,2014-08-17,Done
2016,401,2014-08-01,2,2014-08-18,Done
2017,402,2014-08-02,5,2014-08-19,Done
2018,403,2014-08-02,5,2014-08-23,Done
2019,404,2014-08-02,2,2014-08-20,Done
2020,405,2014-08-02,5,2014-08-20,Done
2021,406,2014-08-03,2,2014-08-29,Done
2022,407,2014-08-03,4,2014-08-22,Done
2023,408,2014-08-03,5,2014-08-29,Done
2024,409,2014-08-03,4,2014-08-28,Done
2025,410,2014-08-03,2,2014-08-27,Done
2026,411,2014-08-04,4,2014-08-27,Done
2027,412,2014-08-04,1,2014-08-18,Done
2028,413,2014-08-04,5,2014-08-21,Done
2029,414,2014-08-04,1,2014-08-24,Done
2030,415,2014-08-04,3,2014-08-29,Done
2031,416,2014-08-05,2,2014-08-22,Done
2032,417,2014-08-05,5,2014-08-23,Done
2033,418,2014-08-05,1,2014-08-31,Done
2034,419,2014-08-05,1,2014-08-27,Done
2035,420,2014-08-05,2,2014-08-20,Done
2036,421,2014-08-05,4,2014-09-02,Done
2037,422,2014-08-05,5,2014-08-19,Done
2038,423,2014-08-05,3,2014-08-24,Done
2039,424,2014-08-05,2,2014-08-25,Done
2040,425,2014-08-05,5,2014-08-19,Done
2041,426,2014-08-05,3,2014-08-23,Done
2042,427,2014-08-05,5,2014-08-21,Done
2043,428,2014-08-05,5,2014-08-18,Done
2044,429,2014-08-05,3,2014-08-29,Done
2045,430,2014-08-05,5,2014-08-20,Done
2046,431,2014-08-05,2,2014-08-28,Done
2047,432,2014-08-06,5,2014-08-30,Done
2048,433,2014-08-06,5,2014-08-30,Done
2049,434,2014-08-06,4,2014-08-25,Done
2050,435,2014-08-06,3,2014-08-26,Done
2051,436,2014-08-06,3,2014-08-22,Done
2052,437,2014-08-06,2,2014-08-23,Done
2053,438,2014-08-06,4,2014-09-05,Done
2054,439,2014-08-06,4,2014-08-21,Done
2055,440,2014-08-06,3,2014-08-27,Done
2056,441,2014-08-07,4,2014-08-25,Done
2057,442,2014-08-07,5,2014-08-31,Done
2058,443,2014-08-07,2,2014-08-22,Done
2059,444,2014-08-07,5,2014-08-20,Done
2060,445,2014-08-08,3,2014-08-23,Done
2061,446,2014-08-08,2,2014-08-25,Done
2062,447,2014-08-08,3,2014-08-29,Done
2063,448,2014-08-08,3,2014-08-26,Done
2064,449,2014-08-08,1,2014-08-25,Done
2065,450,2014-08-08,1,2014-08-28,Done
2066,451,2014-08-08,4,2014-09-05,Done
2067,452,2014-08-09,3,2014-08-31,Done
2068,453,2014-08-09,3,2014-08-29,Done
2069,454,2014-08-10,5,2014-08-28,Done
2070,455,2014-08-11,4,2014-08-19,Done
2071,456,2014-08-11,2,2014-08-25,Done
2072,457,2014-08-11,3,2014-09-02,Done
2073,458,2014-08-11,5,2014-08-28,Done
2074,459,2014-08-11,2,2014-08-27,Done
2075,460,2014-08-11,5,2014-09-03,Done
2076,461,2014-08-11,2,2014-08-25,Done
2077,462,2014-08-11,2,2014-08-23,Done
2078,463,2014-08-11,1,2014-08-27,Done
2079,464,2014-08-11,1,2014-09-02,Done
2080,465,2014-08-11,3,2014-09-04,Done
2081,466,2014-08-11,3,2014-08-25,Done
2082,467,2014-08-11,1,2014-09-06,Done
2083,468,2014-08-11,5,2014-09-06,Done
2084,469,2014-08-11,3,2014-08-27,Done
2085,470,2014-08-12,2,2014-08-25,Done
2086,471,2014-08-12,3,2014-09-06,Done
2087,472,2014-08-13,4,2014-09-02,Done
2088,473,2014-08-13,5,2014-08-29,Done
2089,474,2014-08-13,3,2014-09-01,Done
2090,475,2014-08-13,1,2014-09-06,Done
2091,476,2014-08-13,5,2014-09-05,Done
2092,477,2014-08-13,4,2014-08-31,Done
2093,478,2014-08-13,5,2014-09-04,Done
2094,479,2014-08-13,2,2014-09-03,Done
2095,480,2014-08-13,3,2014-08-31,Done
2096,481,2014-08-13,3,2014-09-04,Done
2097,482,2014-08-13,4,2014-09-08,Done
2098,483,2014-08-13,5,2014-09-13,Done
2099,484,2014-08-13,2,2014-09-05,Done
2100,485,2014-08-13,2,2014-09-01,Done
2101,486,2014-08-14,2,2014-09-04,Done
2102,487,2014-08-14,4,2014-08-31,Done
2103,488,2014-08-14,4,2014-09-07,Done
2104,489,2014-08-15,5,2014-09-10,Done
2105,490,2014-08-15,5,2014-08-31,Done
2106,491,2014-08-15,5,2014-09-01,Done
2107,492,2014-08-15,2,2014-09-04,Done
2108,493,2014-08-15,5,2014-09-10,Done
2109,494,2014-08-15,2,2014-09-01,Done
2110,495,2014-08-16,3,2014-08-31,Done
2111,496,2014-08-16,2,2014-09-08,Done
2112,497,2014-08-16,1,2014-09-04,Done
2113,498,2014-08-16,3,2014-09-05,Done
2114,499,2014-08-16,5,2014-09-13,Done
2115,500,2014-08-16,5,2014-09-01,Done
2116,501,2014-08-16,5,2014-09-03,Done
2117,502,2014-08-16,3,2014-09-07,Done
2118,503,2014-08-16,1,2014-09-15,Done
2119,504,2014-08-16,2,2014-08-28,Done
2120,505,2014-08-16,2,2014-09-01,Done
2121,506,2014-08-16,2,2014-09-08,Done
2122,507,2014-08-16,3,2014-08-29,Done
2123,508,2014-08-16,3,2014-09-06,Done
2124,509,2014-08-16,4,2014-08-27,Done
2125,510,2014-08-16,3,2014-09-04,Done
2126,511,2014-08-16,5,2014-09-02,Done
2127,512,2014-08-16,3,2014-09-08,Done
2128,513,2014-08-16,2,2014-09-07,Done
2129,514,2014-08-17,1,2014-09-01,Done
2130,515,2014-08-18,5,2014-09-07,Done
2131,516,2014-08-18,5,2014-09-09,Done
2132,517,2014-08-18,3,2014-09-10,Done
2133,518,2014-08-19,3,2014-09-12,Done
2134,519,2014-08-19,5,2014-09-13,Done
2135,520,2014-08-19,2,2014-09-10,Done
2136,521,2014-08-19,5,2014-09-08,Done
2137,522,2014-08-20,1,2014-09-16,Done
2138,523,2014-08-20,3,2014-09-06,Done
2139,524,2014-08-20,2,2014-08-30,Done
2140,525,2014-08-20,2,2014-09-13,Done
2141,526,2014-08-20,3,2014-09-10,Done
2142,527,2014-08-20,4,2014-09-06,Done
2143,528,2014-08-20,1,2014-09-15,Done
2144,529,2014-08-20,5,2014-09-11,Done
2145,530,2014-08-20,5,2014-08-31,Done
2146,531,2014-08-20,1,2014-09-13,Done
2147,532,2014-08-21,4,2014-09-10,Done
2148,533,2014-08-21,1,2014-09-15,Done
2149,534,2014-08-21,5,2014-09-14,Done
2150,535,2014-08-21,5,2014-09-09,Done
2151,536,2014-08-21,2,2014-09-12,Done
2152,537,2014-08-21,2,2014-09-02,Done
2153,538,2014-08-21,5,2014-09-11,Done
2154,539,2014-08-21,3,2014-09-19,Done
2155,540,2014-08-21,3,2014-09-13,Done
2156,541,2014-08-21,2,2014-09-07,Done
2157,542,2014-08-22,4,2014-09-10,Done
2158,543,2014-08-22,3,2014-09-24,Done
2159,544,2014-08-22,5,2014-09-06,Done
2160,545,2014-08-22,4,2014-09-13,Done
2161,546,2014-08-22,1,2014-09-14,Done
2162,547,2014-08-22,1,2014-09-16,Done
2163,549,2014-08-22,4,2014-09-08,Done
2164,550,2014-08-22,1,2014-09-08,Done
2165,551,2014-08-22,5,2014-09-09,Done
2166,553,2014-08-22,4,2014-09-09,Done
2167,554,2014-08-22,1,2014-09-22,Done
2168,555,2014-08-23,3,2014-09-05,Done
2169,556,2014-08-23,1,2014-09-11,Done
2170,557,2014-08-23,3,2014-09-15,Done
2171,558,2014-08-23,2,2014-09-12,Done
2172,559,2014-08-23,1,2014-09-13,Done
2173,560,2014-08-23,1,2014-09-04,Done
2174,561,2014-08-23,3,2014-09-11,Done
2175,562,2014-08-23,4,2014-09-16,Done
2176,563,2014-08-23,1,2014-09-07,Done
2177,564,2014-08-23,4,2014-09-11,Done
2178,565,2014-08-23,3,2014-09-14,Done
2179,566,2014-08-23,5,2014-09-05,Done
2180,567,2014-08-23,3,2014-09-17,Done
2181,568,2014-08-23,1,2014-09-12,Done
2182,569,2014-08-23,2,2014-09-17,Done
2183,570,2014-08-23,3,2014-09-19,Done
2184,571,2014-08-23,5,2014-09-15,Done
2185,572,2014-08-23,1,2014-09-16,Done
2186,573,2014-08-23,3,2014-09-03,Done
2187,574,2014-08-24,2,2014-09-07,Done
2188,575,2014-08-24,4,2014-09-23,Done
2189,576,2014-08-24,3,2014-09-27,Done
2190,577,2014-08-24,5,2014-09-07,Done
2191,578,2014-08-24,3,2014-09-19,Done
2192,579,2014-08-24,3,2014-09-13,Done
2193,580,2014-08-24,2,2014-09-16,Done
2194,581,2014-08-24,2,2014-09-12,Done
2195,582,2014-08-24,4,2014-09-17,Done
2196,583,2014-08-24,5,2014-09-13,Done
2197,584,2014-08-25,5,2014-09-19,Done
2198,585,2014-08-25,1,2014-09-15,Done
2199,586,2014-08-25,5,2014-09-14,Done
2200,587,2014-08-25,4,2014-09-17,Done
2201,588,2014-08-25,2,2014-09-15,Done
2202,589,2014-08-25,2,2014-09-14,Done
2203,590,2014-08-25,5,2014-09-11,Done
2204,591,2014-08-25,5,2014-09-12,Done
2205,593,2014-08-25,2,2014-09-16,Done
2206,594,2014-08-25,1,2014-09-19,Done
2207,595,2014-08-25,2,2014-09-15,Done
2208,596,2014-08-25,4,2014-09-08,Done
2209,597,2014-08-26,5,2014-09-13,Done
2210,598,2014-08-26,4,2014-09-16,Done
2211,599,2014-08-26,1,2014-09-13,Done
2212,600,2014-08-26,2,2014-09-04,Done
2213,601,2014-08-26,5,2014-09-10,Done
2214,602,2014-08-26,2,2014-09-20,Done
2215,603,2014-08-26,1,2014-09-11,Done
2216,604,2014-08-26,5,2014-09-13,Done
2217,605,2014-08-26,3,2014-09-19,Done
2218,606,2014-08-26,2,2014-09-23,Done
2219,607,2014-08-26,3,2014-09-14,Done
2220,608,2014-08-26,2,2014-09-16,Done
2221,609,2014-08-26,1,2014-09-11,Done
2222,610,2014-08-26,3,2014-09-11,Done
2223,611,2014-08-26,2,2014-09-14,Done
2224,612,2014-08-26,3,2014-09-11,Done
2225,613,2014-08-26,1,2014-09-11,Done
2226,614,2014-08-26,1,2014-09-09,Done
2227,615,2014-08-26,4,2014-09-18,Done
2228,616,2014-08-27,4,2014-09-16,Done
2229,617,2014-08-27,1,2014-09-22,Done
2230,618,2014-08-27,2,2014-09-12,Done
2231,619,2014-08-27,4,2014-09-11,Done
2232,620,2014-08-27,3,2014-09-15,Done
2233,621,2014-08-27,3,2014-09-17,Done
2234,622,2014-08-28,2,2014-09-14,Done
2235,623,2014-08-28,4,2014-09-21,Done
2236,624,2014-08-28,1,2014-09-14,Done
2237,625,2014-08-28,5,2014-09-13,Done
2238,626,2014-08-28,1,2014-09-13,Done
2239,627,2014-08-28,4,2014-09-18,Done
2240,628,2014-08-28,5,2014-09-24,Done
2241,630,2014-08-28,2,2014-09-17,Done
2242,631,2014-08-29,2,2014-09-21,Done
2243,632,2014-08-29,3,2014-09-23,Done
2244,633,2014-08-29,5,2014-09-12,Done
2245,635,2014-08-29,3,2014-09-20,Done
2246,636,2014-08-29,4,2014-09-17,Done
2247,637,2014-08-30,5,2014-09-16,Done
2248,638,2014-08-30,2,2014-09-19,Done
2249,639,2014-08-30,5,2014-09-27,Done
2250,641,2014-08-30,2,2014-09-17,Done
2251,645,2014-08-31,4,2014-09-20,Done
2252,647,2014-08-31,4,2014-09-22,Done
2253,648,2014-08-31,1,2014-09-16,Done
2254,649,2014-08-31,1,2014-09-19,Done
2255,650,2014-08-31,1,2014-09-17,Done
2256,651,2014-08-31,3,2014-09-17,Done
2257,652,2014-08-31,5,2014-09-20,Done
2258,653,2014-08-31,5,2014-09-19,Done
2259,654,2014-08-31,2,2014-09-22,Done
2260,655,2014-08-31,1,2014-09-26,Done
2261,659,2014-09-01,5,2014-09-21,Done
2262,660,2014-09-01,3,2014-09-11,Done
2263,663,2014-09-02,3,2014-09-26,Done
2264,664,2014-09-02,2,2014-09-22,Done
2265,665,2014-09-02,5,2014-09-21,Done
2266,669,2014-09-03,2,2014-09-18,Done
2267,672,2014-09-03,3,2014-09-23,Done
2268,677,2014-09-04,5,2014-09-27,Done
2269,678,2014-09-04,3,2014-09-24,Done
2270,680,2014-09-04,3,2014-09-22,Done
2271,684,2014-09-04,4,2014-09-23,Done
2272,686,2014-09-04,5,2014-09-18,Done
2273,690,2014-09-05,2,2014-09-21,Done
2274,695,2014-09-05,4,2014-09-18,Done
2275,697,2014-09-05,2,2014-10-02,Done
2276,699,2014-09-05,4,2014-09-28,Done
2277,705,2014-09-06,3,2014-09-27,Done
2278,718,2014-09-09,1,2014-09-30,Done
